/*M!999999\- enable the sandbox mode */ 
-- MariaDB dump 10.19-11.6.2-MariaDB, for Win64 (AMD64)
--
-- Host: localhost    Database: erp
-- ------------------------------------------------------
-- Server version	11.6.2-MariaDB

/*!40101 SET @OLD_CHARACTER_SET_CLIENT=@@CHARACTER_SET_CLIENT */;
/*!40101 SET @OLD_CHARACTER_SET_RESULTS=@@CHARACTER_SET_RESULTS */;
/*!40101 SET @OLD_COLLATION_CONNECTION=@@COLLATION_CONNECTION */;
/*!40101 SET NAMES utf8mb4 */;
/*!40103 SET @OLD_TIME_ZONE=@@TIME_ZONE */;
/*!40103 SET TIME_ZONE='+00:00' */;
/*!40014 SET @OLD_UNIQUE_CHECKS=@@UNIQUE_CHECKS, UNIQUE_CHECKS=0 */;
/*!40014 SET @OLD_FOREIGN_KEY_CHECKS=@@FOREIGN_KEY_CHECKS, FOREIGN_KEY_CHECKS=0 */;
/*!40101 SET @OLD_SQL_MODE=@@SQL_MODE, SQL_MODE='NO_AUTO_VALUE_ON_ZERO' */;
/*M!100616 SET @OLD_NOTE_VERBOSITY=@@NOTE_VERBOSITY, NOTE_VERBOSITY=0 */;

--
-- Table structure for table `_prisma_migrations`
--

DROP TABLE IF EXISTS `_prisma_migrations`;
/*!40101 SET @saved_cs_client     = @@character_set_client */;
/*!40101 SET character_set_client = utf8 */;
CREATE TABLE `_prisma_migrations` (
  `id` varchar(36) NOT NULL,
  `checksum` varchar(64) NOT NULL,
  `finished_at` datetime(3) DEFAULT NULL,
  `migration_name` varchar(255) NOT NULL,
  `logs` text DEFAULT NULL,
  `rolled_back_at` datetime(3) DEFAULT NULL,
  `started_at` datetime(3) NOT NULL DEFAULT current_timestamp(3),
  `applied_steps_count` int(10) unsigned NOT NULL DEFAULT 0,
  PRIMARY KEY (`id`)
) ENGINE=InnoDB DEFAULT CHARSET=utf8mb4 COLLATE=utf8mb4_unicode_ci;
/*!40101 SET character_set_client = @saved_cs_client */;

--
-- Dumping data for table `_prisma_migrations`
--

LOCK TABLES `_prisma_migrations` WRITE;
/*!40000 ALTER TABLE `_prisma_migrations` DISABLE KEYS */;
INSERT INTO `_prisma_migrations` VALUES
('06b7731b-913b-4c34-98c9-9966cb116ee0','9b22a3d0bc44cb82051a2777d6fcae74ddebc2e79269e40f793f8a0d6631e13d','2025-01-06 21:38:34.391','20241221185259_sicro_normal',NULL,NULL,'2025-01-06 21:38:33.608',1),
('0a9cabfa-4c44-4b3e-8aa0-b6c98bab3d79','8aacf4fe24b7e8f6bd8b10a8f76d5818fceb79712881098cff9638a0465f4b32','2025-01-06 21:38:34.435','20250106211929_init',NULL,NULL,'2025-01-06 21:38:34.392',1);
/*!40000 ALTER TABLE `_prisma_migrations` ENABLE KEYS */;
UNLOCK TABLES;

--
-- Table structure for table `accounting_contact`
--

DROP TABLE IF EXISTS `accounting_contact`;
/*!40101 SET @saved_cs_client     = @@character_set_client */;
/*!40101 SET character_set_client = utf8 */;
CREATE TABLE `accounting_contact` (
  `sectorId` int(11) NOT NULL,
  `clientId` int(11) NOT NULL,
  `created_at` datetime(3) NOT NULL DEFAULT current_timestamp(3),
  `update_at` datetime(3) NOT NULL DEFAULT current_timestamp(3),
  PRIMARY KEY (`sectorId`,`clientId`),
  KEY `accounting_contact_clientId_fkey` (`clientId`),
  CONSTRAINT `accounting_contact_clientId_fkey` FOREIGN KEY (`clientId`) REFERENCES `client` (`id`) ON DELETE CASCADE ON UPDATE CASCADE,
  CONSTRAINT `accounting_contact_sectorId_fkey` FOREIGN KEY (`sectorId`) REFERENCES `sector` (`id`) ON DELETE CASCADE ON UPDATE CASCADE
) ENGINE=InnoDB DEFAULT CHARSET=utf8mb4 COLLATE=utf8mb4_unicode_ci;
/*!40101 SET character_set_client = @saved_cs_client */;

--
-- Dumping data for table `accounting_contact`
--

LOCK TABLES `accounting_contact` WRITE;
/*!40000 ALTER TABLE `accounting_contact` DISABLE KEYS */;
INSERT INTO `accounting_contact` VALUES
(40,5,'2025-01-06 21:38:58.006','2025-01-06 21:38:58.006'),
(41,12,'2025-01-06 21:38:58.006','2025-01-06 21:38:58.006'),
(42,4,'2025-01-06 21:38:58.007','2025-01-06 21:38:58.007'),
(43,1,'2025-01-06 21:38:58.007','2025-01-06 21:38:58.007'),
(44,3,'2025-01-06 21:38:58.007','2025-01-06 21:38:58.007'),
(45,6,'2025-01-06 21:38:58.004','2025-01-06 21:38:58.004'),
(46,10,'2025-01-06 21:38:58.007','2025-01-06 21:38:58.007'),
(47,8,'2025-01-06 21:38:58.007','2025-01-06 21:38:58.007'),
(48,11,'2025-01-06 21:38:58.007','2025-01-06 21:38:58.007'),
(49,9,'2025-01-06 21:38:58.007','2025-01-06 21:38:58.007'),
(50,7,'2025-01-06 21:38:58.007','2025-01-06 21:38:58.007'),
(51,13,'2025-01-06 21:38:58.007','2025-01-06 21:38:58.007'),
(52,2,'2025-01-06 21:38:58.007','2025-01-06 21:38:58.007'),
(92,16,'2025-01-06 21:38:58.316','2025-01-06 21:38:58.316'),
(93,15,'2025-01-06 21:38:58.316','2025-01-06 21:38:58.316'),
(94,14,'2025-01-06 21:38:58.316','2025-01-06 21:38:58.316'),
(95,17,'2025-01-06 21:38:58.316','2025-01-06 21:38:58.316'),
(96,18,'2025-01-06 21:38:58.316','2025-01-06 21:38:58.316'),
(97,20,'2025-01-06 21:38:58.316','2025-01-06 21:38:58.316'),
(98,19,'2025-01-06 21:38:58.316','2025-01-06 21:38:58.316'),
(99,21,'2025-01-06 21:38:58.316','2025-01-06 21:38:58.316'),
(100,22,'2025-01-06 21:38:58.316','2025-01-06 21:38:58.316'),
(101,23,'2025-01-06 21:38:58.316','2025-01-06 21:38:58.316'),
(102,25,'2025-01-06 21:38:58.317','2025-01-06 21:38:58.317'),
(103,24,'2025-01-06 21:38:58.316','2025-01-06 21:38:58.316'),
(104,26,'2025-01-06 21:38:58.316','2025-01-06 21:38:58.316'),
(144,27,'2025-01-06 21:38:58.602','2025-01-06 21:38:58.602'),
(145,29,'2025-01-06 21:38:58.603','2025-01-06 21:38:58.603'),
(146,30,'2025-01-06 21:38:58.603','2025-01-06 21:38:58.603'),
(147,31,'2025-01-06 21:38:58.603','2025-01-06 21:38:58.603'),
(148,28,'2025-01-06 21:38:58.603','2025-01-06 21:38:58.603'),
(149,35,'2025-01-06 21:38:58.603','2025-01-06 21:38:58.603'),
(150,33,'2025-01-06 21:38:58.603','2025-01-06 21:38:58.603'),
(151,32,'2025-01-06 21:38:58.603','2025-01-06 21:38:58.603'),
(152,36,'2025-01-06 21:38:58.604','2025-01-06 21:38:58.604'),
(153,38,'2025-01-06 21:38:58.604','2025-01-06 21:38:58.604'),
(154,34,'2025-01-06 21:38:58.603','2025-01-06 21:38:58.603'),
(155,39,'2025-01-06 21:38:58.604','2025-01-06 21:38:58.604'),
(156,37,'2025-01-06 21:38:58.604','2025-01-06 21:38:58.604'),
(172,40,'2025-01-06 21:38:58.929','2025-01-06 21:38:58.929'),
(173,42,'2025-01-06 21:38:58.939','2025-01-06 21:38:58.939'),
(174,41,'2025-01-06 21:38:58.939','2025-01-06 21:38:58.939'),
(175,44,'2025-01-06 21:38:58.939','2025-01-06 21:38:58.939'),
(176,43,'2025-01-06 21:38:58.939','2025-01-06 21:38:58.939');
/*!40000 ALTER TABLE `accounting_contact` ENABLE KEYS */;
UNLOCK TABLES;

--
-- Table structure for table `accounting_contact_image`
--

DROP TABLE IF EXISTS `accounting_contact_image`;
/*!40101 SET @saved_cs_client     = @@character_set_client */;
/*!40101 SET character_set_client = utf8 */;
CREATE TABLE `accounting_contact_image` (
  `imageId` int(11) NOT NULL,
  `accounting_contactId` int(11) NOT NULL,
  `created_at` datetime(3) NOT NULL DEFAULT current_timestamp(3),
  `update_at` datetime(3) NOT NULL DEFAULT current_timestamp(3),
  PRIMARY KEY (`imageId`,`accounting_contactId`),
  KEY `accounting_contact_image_accounting_contactId_fkey` (`accounting_contactId`),
  CONSTRAINT `accounting_contact_image_accounting_contactId_fkey` FOREIGN KEY (`accounting_contactId`) REFERENCES `sector` (`id`) ON DELETE CASCADE ON UPDATE CASCADE,
  CONSTRAINT `accounting_contact_image_imageId_fkey` FOREIGN KEY (`imageId`) REFERENCES `imagem` (`id`) ON DELETE CASCADE ON UPDATE CASCADE
) ENGINE=InnoDB DEFAULT CHARSET=utf8mb4 COLLATE=utf8mb4_unicode_ci;
/*!40101 SET character_set_client = @saved_cs_client */;

--
-- Dumping data for table `accounting_contact_image`
--

LOCK TABLES `accounting_contact_image` WRITE;
/*!40000 ALTER TABLE `accounting_contact_image` DISABLE KEYS */;
INSERT INTO `accounting_contact_image` VALUES
(27,42,'2025-01-06 21:38:58.007','2025-01-06 21:38:58.007'),
(28,44,'2025-01-06 21:38:58.007','2025-01-06 21:38:58.007'),
(29,41,'2025-01-06 21:38:58.006','2025-01-06 21:38:58.006'),
(30,40,'2025-01-06 21:38:58.006','2025-01-06 21:38:58.006'),
(31,43,'2025-01-06 21:38:58.007','2025-01-06 21:38:58.007'),
(32,45,'2025-01-06 21:38:58.004','2025-01-06 21:38:58.004'),
(33,47,'2025-01-06 21:38:58.007','2025-01-06 21:38:58.007'),
(34,46,'2025-01-06 21:38:58.007','2025-01-06 21:38:58.007'),
(35,48,'2025-01-06 21:38:58.007','2025-01-06 21:38:58.007'),
(36,49,'2025-01-06 21:38:58.007','2025-01-06 21:38:58.007'),
(37,50,'2025-01-06 21:38:58.007','2025-01-06 21:38:58.007'),
(38,52,'2025-01-06 21:38:58.007','2025-01-06 21:38:58.007'),
(39,51,'2025-01-06 21:38:58.007','2025-01-06 21:38:58.007'),
(79,96,'2025-01-06 21:38:58.316','2025-01-06 21:38:58.316'),
(80,95,'2025-01-06 21:38:58.316','2025-01-06 21:38:58.316'),
(81,93,'2025-01-06 21:38:58.316','2025-01-06 21:38:58.316'),
(82,94,'2025-01-06 21:38:58.316','2025-01-06 21:38:58.316'),
(83,92,'2025-01-06 21:38:58.316','2025-01-06 21:38:58.316'),
(84,97,'2025-01-06 21:38:58.316','2025-01-06 21:38:58.316'),
(85,98,'2025-01-06 21:38:58.316','2025-01-06 21:38:58.316'),
(86,99,'2025-01-06 21:38:58.316','2025-01-06 21:38:58.316'),
(87,101,'2025-01-06 21:38:58.316','2025-01-06 21:38:58.316'),
(88,102,'2025-01-06 21:38:58.317','2025-01-06 21:38:58.317'),
(89,103,'2025-01-06 21:38:58.316','2025-01-06 21:38:58.316'),
(90,100,'2025-01-06 21:38:58.316','2025-01-06 21:38:58.316'),
(91,104,'2025-01-06 21:38:58.316','2025-01-06 21:38:58.316'),
(130,144,'2025-01-06 21:38:58.602','2025-01-06 21:38:58.602'),
(132,151,'2025-01-06 21:38:58.603','2025-01-06 21:38:58.603'),
(133,153,'2025-01-06 21:38:58.604','2025-01-06 21:38:58.604'),
(134,146,'2025-01-06 21:38:58.603','2025-01-06 21:38:58.603'),
(135,149,'2025-01-06 21:38:58.603','2025-01-06 21:38:58.603'),
(136,145,'2025-01-06 21:38:58.603','2025-01-06 21:38:58.603'),
(137,148,'2025-01-06 21:38:58.603','2025-01-06 21:38:58.603'),
(138,147,'2025-01-06 21:38:58.603','2025-01-06 21:38:58.603'),
(139,150,'2025-01-06 21:38:58.603','2025-01-06 21:38:58.603'),
(140,155,'2025-01-06 21:38:58.604','2025-01-06 21:38:58.604'),
(141,156,'2025-01-06 21:38:58.604','2025-01-06 21:38:58.604'),
(142,154,'2025-01-06 21:38:58.603','2025-01-06 21:38:58.603'),
(144,152,'2025-01-06 21:38:58.604','2025-01-06 21:38:58.604'),
(164,172,'2025-01-06 21:38:58.929','2025-01-06 21:38:58.929'),
(169,175,'2025-01-06 21:38:58.939','2025-01-06 21:38:58.939'),
(170,173,'2025-01-06 21:38:58.939','2025-01-06 21:38:58.939'),
(171,176,'2025-01-06 21:38:58.939','2025-01-06 21:38:58.939'),
(172,174,'2025-01-06 21:38:58.939','2025-01-06 21:38:58.939');
/*!40000 ALTER TABLE `accounting_contact_image` ENABLE KEYS */;
UNLOCK TABLES;

--
-- Table structure for table `address`
--

DROP TABLE IF EXISTS `address`;
/*!40101 SET @saved_cs_client     = @@character_set_client */;
/*!40101 SET character_set_client = utf8 */;
CREATE TABLE `address` (
  `id` int(11) NOT NULL AUTO_INCREMENT,
  `cep` varchar(8) DEFAULT NULL,
  `street` varchar(1000) DEFAULT NULL,
  `number` varchar(1000) DEFAULT NULL,
  `complement` varchar(1000) DEFAULT NULL,
  `city` varchar(1000) DEFAULT NULL,
  `neighborhood` varchar(1000) DEFAULT NULL,
  `state` varchar(191) DEFAULT NULL,
  `created_at` datetime(3) NOT NULL DEFAULT current_timestamp(3),
  `update_at` datetime(3) NOT NULL DEFAULT current_timestamp(3),
  PRIMARY KEY (`id`)
) ENGINE=InnoDB AUTO_INCREMENT=89 DEFAULT CHARSET=utf8mb4 COLLATE=utf8mb4_unicode_ci;
/*!40101 SET character_set_client = @saved_cs_client */;

--
-- Dumping data for table `address`
--

LOCK TABLES `address` WRITE;
/*!40000 ALTER TABLE `address` DISABLE KEYS */;
INSERT INTO `address` VALUES
(1,NULL,' Rua Seis, 424',NULL,NULL,'Timon','Mangueira','MARANHÃO ','2025-01-06 21:38:58.007','2025-01-06 21:38:58.007'),
(2,NULL,'SIT Sitio Vertentes',NULL,NULL,'Cha Grande','Pernambuco','PE','2025-01-06 21:38:58.006','2025-01-06 21:38:58.006'),
(3,NULL,' Rua Seis, 424',NULL,NULL,'Timon','Mangueira','MARANHÃO ','2025-01-06 21:38:58.007','2025-01-06 21:38:58.007'),
(4,NULL,'RUA GASPAR PEREZ',NULL,NULL,'RECIFE','IPUTINGA','PE','2025-01-06 21:38:58.006','2025-01-06 21:38:58.006'),
(5,NULL,NULL,NULL,NULL,'Fortaleza','Lagoa Redonda','CE','2025-01-06 21:38:58.007','2025-01-06 21:38:58.007'),
(6,NULL,'rua José Bonifácio de Holanda ',NULL,NULL,'Vitória de Santo Antão','jardim Ipiranga ','Pernambuco ','2025-01-06 21:38:58.007','2025-01-06 21:38:58.007'),
(7,NULL,'AVENIDA GOVERNADOR CARLOS DE LIMA CAVALCANTE, 1241',NULL,NULL,'OLINDA','BAIRRO NOVO','PE','2025-01-06 21:38:58.004','2025-01-06 21:38:58.004'),
(8,NULL,'Projeto de Irrigação Senador Nilo Coelho',NULL,NULL,'Petrolina','Zona Rural','PE','2025-01-06 21:38:58.007','2025-01-06 21:38:58.007'),
(9,NULL,'Rua Salvio Dino',NULL,NULL,' Imperatriz','Bairro vila redenção II ','MARANHÃO','2025-01-06 21:38:58.007','2025-01-06 21:38:58.007'),
(10,NULL,'Estrada do quebra pote/rua principal',NULL,NULL,'São Luís','Santa Efigênia,','MA','2025-01-06 21:38:58.007','2025-01-06 21:38:58.007'),
(11,NULL,'SITIO GAMELEIRA',NULL,NULL,'VITORIA DE SANTO ANTAO','ZONA RURAL','PE','2025-01-06 21:38:58.007','2025-01-06 21:38:58.007'),
(12,NULL,'Rod. Rodovia PI 113, KM 16 00001 000108',NULL,NULL,'Teresina','Povoado Coroatá','PI','2025-01-06 21:38:58.007','2025-01-06 21:38:58.007'),
(13,NULL,' R DEOCLECIO ARAUJO',NULL,NULL,'FORTALEZA','LAGOA REDONDA','CE','2025-01-06 21:38:58.007','2025-01-06 21:38:58.007'),
(14,NULL,NULL,NULL,NULL,NULL,NULL,NULL,'2025-01-06 21:38:58.007','2025-01-06 21:38:58.007'),
(15,NULL,NULL,NULL,NULL,NULL,NULL,NULL,'2025-01-06 21:38:58.006','2025-01-06 21:38:58.006'),
(16,NULL,NULL,NULL,NULL,NULL,NULL,NULL,'2025-01-06 21:38:58.006','2025-01-06 21:38:58.006'),
(17,NULL,NULL,NULL,NULL,NULL,NULL,NULL,'2025-01-06 21:38:58.007','2025-01-06 21:38:58.007'),
(18,NULL,NULL,NULL,NULL,NULL,NULL,NULL,'2025-01-06 21:38:58.007','2025-01-06 21:38:58.007'),
(19,NULL,NULL,NULL,NULL,NULL,NULL,NULL,'2025-01-06 21:38:58.004','2025-01-06 21:38:58.004'),
(20,NULL,NULL,NULL,NULL,NULL,NULL,NULL,'2025-01-06 21:38:58.007','2025-01-06 21:38:58.007'),
(21,NULL,NULL,NULL,NULL,NULL,NULL,NULL,'2025-01-06 21:38:58.007','2025-01-06 21:38:58.007'),
(22,NULL,NULL,NULL,NULL,NULL,NULL,NULL,'2025-01-06 21:38:58.007','2025-01-06 21:38:58.007'),
(23,NULL,NULL,NULL,NULL,NULL,NULL,NULL,'2025-01-06 21:38:58.007','2025-01-06 21:38:58.007'),
(24,NULL,NULL,NULL,NULL,NULL,NULL,NULL,'2025-01-06 21:38:58.007','2025-01-06 21:38:58.007'),
(25,NULL,NULL,NULL,NULL,NULL,NULL,NULL,'2025-01-06 21:38:58.007','2025-01-06 21:38:58.007'),
(26,NULL,NULL,NULL,NULL,NULL,NULL,NULL,'2025-01-06 21:38:58.007','2025-01-06 21:38:58.007'),
(27,NULL,'FAZENDA COMONDONGO',NULL,NULL,'PETROLINA','POVOADO DO BESSA','PE','2025-01-06 21:38:58.316','2025-01-06 21:38:58.316'),
(28,NULL,'RUA GENIVAL MARIANO DA SILVA',NULL,NULL,'CAMOCIM DE SAO FELIX','CENTRO','PE','2025-01-06 21:38:58.316','2025-01-06 21:38:58.316'),
(29,NULL,'R DR. LUCIANA RAFAEL QUEIROZ GOMES 27',NULL,NULL,'Várzea Alegre','Praça Santo Antonio','CE','2025-01-06 21:38:58.316','2025-01-06 21:38:58.316'),
(30,NULL,'R ALTO ALEGRE',NULL,NULL,'PACO DO LUMIAR','PINDOBA','MA','2025-01-06 21:38:58.316','2025-01-06 21:38:58.316'),
(31,NULL,NULL,NULL,NULL,NULL,NULL,NULL,'2025-01-06 21:38:58.316','2025-01-06 21:38:58.316'),
(32,NULL,'Rua Olavo Oliveira , 0001',NULL,NULL,'Granja','Centro','CE','2025-01-06 21:38:58.316','2025-01-06 21:38:58.316'),
(33,NULL,'Sitio Caiana s,n',NULL,NULL,'Aratuba','Centro','CE','2025-01-06 21:38:58.316','2025-01-06 21:38:58.316'),
(34,NULL,NULL,NULL,NULL,NULL,NULL,NULL,'2025-01-06 21:38:58.316','2025-01-06 21:38:58.316'),
(35,NULL,'ESTRADA PI ',NULL,NULL,'Matias Olímpio','CAMPO COMPRIDO','Piauí','2025-01-06 21:38:58.316','2025-01-06 21:38:58.316'),
(36,NULL,'AV. PRESIDENTE VARGAS',NULL,NULL,'ULIANÓPOLIS-PA','CENTRO',NULL,'2025-01-06 21:38:58.316','2025-01-06 21:38:58.316'),
(37,NULL,'Rodovia BR-101 Sul Km 70',NULL,NULL,'Recife','Curado','Pernanbuco','2025-01-06 21:38:58.316','2025-01-06 21:38:58.316'),
(38,NULL,'Rua Antonio Carlos Magalhaes',NULL,NULL,' Feira de Santana','Cidade Nova','BAHIA','2025-01-06 21:38:58.317','2025-01-06 21:38:58.317'),
(39,NULL,'RUA ANTONIO DIVINO',NULL,NULL,'FORTALEZA','\nMONDUBIM','CE','2025-01-06 21:38:58.316','2025-01-06 21:38:58.316'),
(40,NULL,NULL,NULL,NULL,NULL,NULL,NULL,'2025-01-06 21:38:58.316','2025-01-06 21:38:58.316'),
(41,NULL,NULL,NULL,NULL,NULL,NULL,NULL,'2025-01-06 21:38:58.316','2025-01-06 21:38:58.316'),
(42,NULL,NULL,NULL,NULL,NULL,NULL,NULL,'2025-01-06 21:38:58.316','2025-01-06 21:38:58.316'),
(43,NULL,NULL,NULL,NULL,NULL,NULL,NULL,'2025-01-06 21:38:58.316','2025-01-06 21:38:58.316'),
(44,NULL,NULL,NULL,NULL,NULL,NULL,NULL,'2025-01-06 21:38:58.316','2025-01-06 21:38:58.316'),
(45,NULL,NULL,NULL,NULL,NULL,NULL,NULL,'2025-01-06 21:38:58.316','2025-01-06 21:38:58.316'),
(46,NULL,NULL,NULL,NULL,NULL,NULL,NULL,'2025-01-06 21:38:58.316','2025-01-06 21:38:58.316'),
(47,NULL,NULL,NULL,NULL,NULL,NULL,NULL,'2025-01-06 21:38:58.316','2025-01-06 21:38:58.316'),
(48,NULL,NULL,NULL,NULL,NULL,NULL,NULL,'2025-01-06 21:38:58.316','2025-01-06 21:38:58.316'),
(49,NULL,NULL,NULL,NULL,NULL,NULL,NULL,'2025-01-06 21:38:58.316','2025-01-06 21:38:58.316'),
(50,NULL,NULL,NULL,NULL,NULL,NULL,NULL,'2025-01-06 21:38:58.316','2025-01-06 21:38:58.316'),
(51,NULL,NULL,NULL,NULL,NULL,NULL,NULL,'2025-01-06 21:38:58.317','2025-01-06 21:38:58.317'),
(52,NULL,NULL,NULL,NULL,NULL,NULL,NULL,'2025-01-06 21:38:58.316','2025-01-06 21:38:58.316'),
(53,NULL,'AVE JERONIMO DE ALBUQUERQUE MARANHAO',NULL,NULL,'SAO LUIS-MA','COHAFUMA',NULL,'2025-01-06 21:38:58.602','2025-01-06 21:38:58.602'),
(54,NULL,'ESTRADA ENGENHO SERRA GRANDE',NULL,NULL,'VITORIA DE SANTO ANTAO','ZONA RURAL','PE','2025-01-06 21:38:58.603','2025-01-06 21:38:58.603'),
(55,NULL,'Sítio São Tomé',NULL,NULL,'Alagoa Nova','Zona Rural','PB','2025-01-06 21:38:58.603','2025-01-06 21:38:58.603'),
(56,NULL,'RUA JOÃO GULHERME',NULL,NULL,'AGRESTINA','CENTRO','PE','2025-01-06 21:38:58.603','2025-01-06 21:38:58.603'),
(57,NULL,'RUA OLHO D´ÁGUA ',NULL,NULL,'EUSÉBIO','OLHO D´ÁGUA','CE','2025-01-06 21:38:58.603','2025-01-06 21:38:58.603'),
(58,NULL,'AVENIDA SOLIMOES PI',NULL,NULL,'SAO LUIS','PARQUE AMAZONAS','MA','2025-01-06 21:38:58.603','2025-01-06 21:38:58.603'),
(59,NULL,'RUA GUAIPA',NULL,NULL,'SÃO PAULO','VILA LEOPOLDINA','SP','2025-01-06 21:38:58.603','2025-01-06 21:38:58.603'),
(60,NULL,'RUA SEVERINO SOARES DE FREITAS (FILIAL)',NULL,NULL,'BOA VISTA','PRICUMA','RR (RORAIMA)','2025-01-06 21:38:58.603','2025-01-06 21:38:58.603'),
(61,NULL,'AV CONTORNO NORTE',NULL,NULL,'MARACANAU','CONJUNTO INDUSTRIAL','CE','2025-01-06 21:38:58.603','2025-01-06 21:38:58.603'),
(62,NULL,'ROD BR 101 KM 7',NULL,NULL,'PARNAMIRIM','EMAUS','RN','2025-01-06 21:38:58.604','2025-01-06 21:38:58.604'),
(63,NULL,'AVENIDA DEPUTADO JANUARIO FEITOSA (MATRIZ)',NULL,NULL,'BARRO','TRAJANO NOGUEIRA','CE','2025-01-06 21:38:58.604','2025-01-06 21:38:58.604'),
(64,NULL,'RUA PARAMACAXI',NULL,NULL,'MANAUS','NOVO ALEIXO','AM','2025-01-06 21:38:58.604','2025-01-06 21:38:58.604'),
(65,NULL,NULL,NULL,NULL,NULL,NULL,NULL,'2025-01-06 21:38:58.604','2025-01-06 21:38:58.604'),
(66,NULL,NULL,NULL,NULL,NULL,NULL,NULL,'2025-01-06 21:38:58.602','2025-01-06 21:38:58.602'),
(67,NULL,NULL,NULL,NULL,NULL,NULL,NULL,'2025-01-06 21:38:58.603','2025-01-06 21:38:58.603'),
(68,NULL,NULL,NULL,NULL,NULL,NULL,NULL,'2025-01-06 21:38:58.603','2025-01-06 21:38:58.603'),
(69,NULL,NULL,NULL,NULL,NULL,NULL,NULL,'2025-01-06 21:38:58.603','2025-01-06 21:38:58.603'),
(70,NULL,NULL,NULL,NULL,NULL,NULL,NULL,'2025-01-06 21:38:58.603','2025-01-06 21:38:58.603'),
(71,NULL,NULL,NULL,NULL,NULL,NULL,NULL,'2025-01-06 21:38:58.603','2025-01-06 21:38:58.603'),
(72,NULL,NULL,NULL,NULL,NULL,NULL,NULL,'2025-01-06 21:38:58.603','2025-01-06 21:38:58.603'),
(73,NULL,NULL,NULL,NULL,NULL,NULL,NULL,'2025-01-06 21:38:58.603','2025-01-06 21:38:58.603'),
(74,NULL,NULL,NULL,NULL,NULL,NULL,NULL,'2025-01-06 21:38:58.603','2025-01-06 21:38:58.603'),
(75,NULL,NULL,NULL,NULL,NULL,NULL,NULL,'2025-01-06 21:38:58.604','2025-01-06 21:38:58.604'),
(76,NULL,NULL,NULL,NULL,NULL,NULL,NULL,'2025-01-06 21:38:58.604','2025-01-06 21:38:58.604'),
(77,NULL,NULL,NULL,NULL,NULL,NULL,NULL,'2025-01-06 21:38:58.604','2025-01-06 21:38:58.604'),
(78,NULL,NULL,NULL,NULL,NULL,NULL,NULL,'2025-01-06 21:38:58.604','2025-01-06 21:38:58.604'),
(79,NULL,'RUA DA CHACARA',NULL,NULL,'Açailândia','VILA ILDEMAR','MA','2025-01-06 21:38:58.929','2025-01-06 21:38:58.929'),
(80,NULL,'Av. Henrique de Holanda,',NULL,NULL,'VITÓRIA DE SANTO ANTAO','MAUES','PE','2025-01-06 21:38:58.939','2025-01-06 21:38:58.939'),
(81,NULL,'RUA NOSSA SENHORA DOS NAVEGANTES',NULL,NULL,'JOÃO PESSOA','TAMBAÚ','PB','2025-01-06 21:38:58.939','2025-01-06 21:38:58.939'),
(82,NULL,'AVENIDA PRESIDENTE GETULIO VARGAS',NULL,NULL,'Castanhal','IANETAMA','PA','2025-01-06 21:38:58.939','2025-01-06 21:38:58.939'),
(83,NULL,NULL,NULL,NULL,NULL,NULL,NULL,'2025-01-06 21:38:58.929','2025-01-06 21:38:58.929'),
(84,NULL,'Av Solimões',NULL,NULL,'São Luís · MA','parque Amazonas',NULL,'2025-01-06 21:38:58.939','2025-01-06 21:38:58.939'),
(85,NULL,NULL,NULL,NULL,NULL,NULL,NULL,'2025-01-06 21:38:58.939','2025-01-06 21:38:58.939'),
(86,NULL,NULL,NULL,NULL,NULL,NULL,NULL,'2025-01-06 21:38:58.939','2025-01-06 21:38:58.939'),
(87,NULL,NULL,NULL,NULL,NULL,NULL,NULL,'2025-01-06 21:38:58.939','2025-01-06 21:38:58.939'),
(88,NULL,NULL,NULL,NULL,NULL,NULL,NULL,'2025-01-06 21:38:58.939','2025-01-06 21:38:58.939');
/*!40000 ALTER TABLE `address` ENABLE KEYS */;
UNLOCK TABLES;

--
-- Table structure for table `adm`
--

DROP TABLE IF EXISTS `adm`;
/*!40101 SET @saved_cs_client     = @@character_set_client */;
/*!40101 SET character_set_client = utf8 */;
CREATE TABLE `adm` (
  `id` int(11) NOT NULL AUTO_INCREMENT,
  `cnpj` char(14) NOT NULL,
  `password` varchar(191) NOT NULL,
  `created_at` datetime(3) NOT NULL DEFAULT current_timestamp(3),
  `update_at` datetime(3) NOT NULL DEFAULT current_timestamp(3),
  PRIMARY KEY (`id`),
  UNIQUE KEY `Adm_cnpj_key` (`cnpj`)
) ENGINE=InnoDB DEFAULT CHARSET=utf8mb4 COLLATE=utf8mb4_unicode_ci;
/*!40101 SET character_set_client = @saved_cs_client */;

--
-- Dumping data for table `adm`
--

LOCK TABLES `adm` WRITE;
/*!40000 ALTER TABLE `adm` DISABLE KEYS */;
/*!40000 ALTER TABLE `adm` ENABLE KEYS */;
UNLOCK TABLES;

--
-- Table structure for table `client`
--

DROP TABLE IF EXISTS `client`;
/*!40101 SET @saved_cs_client     = @@character_set_client */;
/*!40101 SET character_set_client = utf8 */;
CREATE TABLE `client` (
  `id` int(11) NOT NULL AUTO_INCREMENT,
  `corporate_reason` varchar(1000) NOT NULL,
  `fantasy_name` varchar(1000) DEFAULT NULL,
  `branch_activity` varchar(1000) DEFAULT NULL,
  `cnpj` varchar(14) NOT NULL,
  `state_registration` varchar(100) DEFAULT NULL,
  `type_contribuition` varchar(191) DEFAULT NULL,
  `situation` tinyint(1) NOT NULL DEFAULT 1,
  `created_at` datetime(3) NOT NULL DEFAULT current_timestamp(3),
  `update_at` datetime(3) NOT NULL DEFAULT current_timestamp(3),
  PRIMARY KEY (`id`)
) ENGINE=InnoDB AUTO_INCREMENT=45 DEFAULT CHARSET=utf8mb4 COLLATE=utf8mb4_unicode_ci;
/*!40101 SET character_set_client = @saved_cs_client */;

--
-- Dumping data for table `client`
--

LOCK TABLES `client` WRITE;
/*!40000 ALTER TABLE `client` DISABLE KEYS */;
INSERT INTO `client` VALUES
(1,'BERNARDO BARBOSA DE SOUSA FRUTARIA','BERNARDO BARBOZA (D. LUSIA)',NULL,'26809096000127',NULL,NULL,1,'2025-01-06 21:38:58.007','2025-01-06 21:38:58.007'),
(2,'LL PRODUTOS DE HORTA LTDA','HORTFELIX',' 121101 - Horticultura, exceto morango','19725580000102',NULL,NULL,1,'2025-01-06 21:38:58.007','2025-01-06 21:38:58.007'),
(3,'','DONA LUSIA - PARTICULAR',NULL,'',NULL,NULL,1,'2025-01-06 21:38:58.007','2025-01-06 21:38:58.007'),
(4,'FRANCISCO ALDERLAN SAMPAIO DE LIMA-ME','CAMPO OURO VERDE','4724500 - Comércio varejista de hortifrutigranjeiros','20835715000171',NULL,NULL,1,'2025-01-06 21:38:58.007','2025-01-06 21:38:58.007'),
(5,'COMERCIAL HORTI-FRIOS LTDA','GABRIEL - HORTI FRIOS',NULL,'40843179000163',NULL,NULL,1,'2025-01-06 21:38:58.006','2025-01-06 21:38:58.006'),
(6,'QUITANDARIA CASA CAIADA HORTIFRUTIGRANJEIROS LTDA','CASA CAIADA (LEANDRO)','47.24-5-00 - COMÉRCIO VAREJISTA DE HORTIFRUTIGRANJEIROS','23972145000150',NULL,NULL,1,'2025-01-06 21:38:58.004','2025-01-06 21:38:58.004'),
(7,'C ZAUZA - ME','C ZAUZA','4633801 – Comércio Atacadista de Frutas, Verduras, Raízes, Tubérculos, Hortaliças e Legumes \nFrescos. \n0121101 - Horticultura, Exceto Morango','17974766000170',NULL,NULL,1,'2025-01-06 21:38:58.007','2025-01-06 21:38:58.007'),
(8,'Alfa Verde Hortaliças Ltda','ALFA VERDE - THIEGO',NULL,'36361185000107',NULL,NULL,1,'2025-01-06 21:38:58.007','2025-01-06 21:38:58.007'),
(9,'INAE SILVA ARAUJO','BELLAHORTA - PE','0121-1/01 - HORTICULTURA, EXCETO MORANGO','45850425000128',NULL,NULL,1,'2025-01-06 21:38:58.007','2025-01-06 21:38:58.007'),
(10,'Ana Paula de Espindola Santos Oliveira Hortifrutas','APSANTOS','46.33-8-01 - Comércio atacadista de frutas, verduras, raízes, tubérculos, hortaliças e legumes frescos ','44069453000140',NULL,NULL,1,'2025-01-06 21:38:58.007','2025-01-06 21:38:58.007'),
(11,'C BARBOSA LIMA COMERCIO ','CÍCERO-HORTALIÇA LIMA-MARANHÃO','47.24-5-00 - COMÉRCIO VAREJISTA DE HORTIFRUTIGRANJEIROS','07775908000116',NULL,NULL,1,'2025-01-06 21:38:58.007','2025-01-06 21:38:58.007'),
(12,'Horticultura Center Eireli ','HORT. CENTER EIRELI - ANDERSON',NULL,'40226632000192',NULL,NULL,1,'2025-01-06 21:38:58.006','2025-01-06 21:38:58.006'),
(13,'Alencar & Machado Ltda.','ALENCAR & ALENCAR',NULL,'24310087000161',NULL,NULL,1,'2025-01-06 21:38:58.007','2025-01-06 21:38:58.007'),
(14,'D C DE OLIVEIRA - HORTIFRUTIGRANJEIROS LTDA','HORTIVERDE - PE','4724-5/00 - COMERCIO VAREJISTA DE HORTIFRUTIGRANJEIROS','36739812000109',NULL,NULL,1,'2025-01-06 21:38:58.316','2025-01-06 21:38:58.316'),
(15,'JK HORTIFRUTES LTDA','JK HORTIFRUTES LTDA',NULL,'08277269000121',NULL,NULL,1,'2025-01-06 21:38:58.316','2025-01-06 21:38:58.316'),
(16,'PAF COMERCIO DE PAINEIS DE LED LTDA','MUNDO DE LED',NULL,'39701422000120',NULL,NULL,1,'2025-01-06 21:38:58.316','2025-01-06 21:38:58.316'),
(17,'HORTI SILVA LTDA','LEONARDO - HORTI SILVA LTDA','47.24-5-00 - Comércio varejista de hortifrutigranjeiros','22824190000102',NULL,NULL,1,'2025-01-06 21:38:58.316','2025-01-06 21:38:58.316'),
(18,'','NILDO FOLHAGENS',NULL,'',NULL,NULL,1,'2025-01-06 21:38:58.316','2025-01-06 21:38:58.316'),
(19,'Francisco Romario Oliveira da Silva - ME','PARAISO VERDE',NULL,'22629187000120',NULL,NULL,1,'2025-01-06 21:38:58.316','2025-01-06 21:38:58.316'),
(20,'M.J. ALBUQUERQUE','PIMENTÃO',NULL,'07552848000172',NULL,NULL,1,'2025-01-06 21:38:58.316','2025-01-06 21:38:58.316'),
(21,'REINO VERDE COMERCIO DE HORTIFRUTIGRANJEIROS LTDA','REINO VERDE',NULL,'33819546000128',NULL,NULL,1,'2025-01-06 21:38:58.316','2025-01-06 21:38:58.316'),
(22,'','O CORINGÃO LTDA - PA','47.11-3-02 - COMÉRCIO VAREJISTA DE MERCADORIAS EM GERAL, COM PREDOMINÂNCIA DE PRODUTOS ALIMENTÍCIOS - SUPERMERCADOS','03030688000140',NULL,NULL,1,'2025-01-06 21:38:58.316','2025-01-06 21:38:58.316'),
(23,'Lusia M da Paz Sousa','PAZ E SOUSA (D. LUSIA)',' 46.33-8-01 - Comércio atacadista de frutas, verduras, raízes, tubérculos, hortaliças e legumes frescos','42260865000137',NULL,NULL,1,'2025-01-06 21:38:58.316','2025-01-06 21:38:58.316'),
(24,'QUALITY HORTIFRUTI LTDA ME','QUALITY HORTIFRUTI',NULL,'44739730000184',NULL,NULL,1,'2025-01-06 21:38:58.316','2025-01-06 21:38:58.316'),
(25,'Rs Comercio Varejista de Produtos LTDA','RICARDO BAHIA',' 47.29-6-99 - Comércio varejista de produtos alimentícios em geral ou especializado em produtos alimentícios não especificados anteriormente','32043983000130',NULL,NULL,1,'2025-01-06 21:38:58.317','2025-01-06 21:38:58.317'),
(26,'ANTONIO ALVES RIBEIRO','RIBEIRO - HORT VERDE',NULL,'11231427000117',NULL,NULL,1,'2025-01-06 21:38:58.316','2025-01-06 21:38:58.316'),
(27,'RICCO ALIMENTOS HORTIFRUTIGRANJEIROS LTDA','RICCO ALIMENTOS','46.33-8-01 - Comércio atacadista de frutas, verduras, raízes, tubérculos, hortaliças e legumes frescos','29356859000110',NULL,NULL,1,'2025-01-06 21:38:58.602','2025-01-06 21:38:58.602'),
(28,'Hortaliças Sempre Verde Comercio Hortifrutigranjeiro Ltda','SEMPRE VERDE',NULL,'05620918000157',NULL,NULL,1,'2025-01-06 21:38:58.603','2025-01-06 21:38:58.603'),
(29,'J L de o Lemos - Hortifrutigranjeiros - Hortiverde','SR. SILVIO - PE','4724-5/00 - COMERCIO VAREJISTA DE HORTIFRUTIGRANJEIROS','33102215000172',NULL,NULL,1,'2025-01-06 21:38:58.603','2025-01-06 21:38:58.603'),
(30,'GENIVAL ARGEMIRO DA SILVA MERCADINHO','SR.GENIVAL - PE','47.12-1-00 - Comércio varejista de mercadorias em geral, com predominância de produtos alimentícios - minimercados, mercearias e armazéns','01774628000107',NULL,NULL,1,'2025-01-06 21:38:58.603','2025-01-06 21:38:58.603'),
(31,'H DOS SANTOS OLIVEIRA','RAISA - HORTFOLHAS - MARANHÃO','47.24-5-00 - COMÉRCIO VAREJISTA DE HORTIFRUTIGRANJEIROS','30119489000186',NULL,NULL,1,'2025-01-06 21:38:58.603','2025-01-06 21:38:58.603'),
(32,'S S FREITAS E F A ROCHA DA SILVA LTDA','SS FREITAS - SR. EDEILSON','10.33-3-02 - FABRICAÇÃO DE SUCOS DE FRUTAS, HORTALIÇAS E LEGUMES, EXCETO CONCENTRADOS','29601466000124',NULL,NULL,1,'2025-01-06 21:38:58.603','2025-01-06 21:38:58.603'),
(33,'SUPERMERCADO MAMBRO LTDA','SUPERM. MAMBO LTDA','47.11-3-02 - Comércio varejista de mercadorias em geral, com predominância de produtos alimentícios - supermercados E  OUTROS','71676316000146',NULL,NULL,1,'2025-01-06 21:38:58.603','2025-01-06 21:38:58.603'),
(34,'ARAUJO & SARAIVA LTDA','SUPERMERCADO GOIANIA','COMÉRCIO VAREJISTA DE MERCADORIAS EM GERAL, COM PREDOMINÂNCIA DE PRODUTOS ALIMENTÍCIOS - SUPERMERCADOS','07573569000780',NULL,NULL,1,'2025-01-06 21:38:58.603','2025-01-06 21:38:58.603'),
(35,'SUPERMERCADO N. S. DE FATIMA LTDA','SUPERMERCADO N. S. DE FATIMA LT','47.11-3-02 - Comércio varejista de mercadorias em geral, com predominância de produtos alimentícios - supermercados','03803861000104',NULL,NULL,1,'2025-01-06 21:38:58.603','2025-01-06 21:38:58.603'),
(36,'SUPERMERCADO NORDESTÃO LTDA','SUPERMERCADO NORDESTÃO','4711-3/02 - COMERCIO VAREJISTA DE MERCADORIAS EM GERAL, COM PREDOMINANCIA DE PRODUTOS ALIMENTICIOS - SUPERMERCADOS','08030363003369',NULL,NULL,1,'2025-01-06 21:38:58.604','2025-01-06 21:38:58.604'),
(37,'SUPERMERCADO SEVERO LTDA','SUPERMERCADO SEVERO','47.11-3-02 - COMÉRCIO VAREJISTA DE MERCADORIAS EM GERAL, COM PREDOMINÂNCIA DE PRODUTOS ALIMENTÍCIOS - SUPERMERCADOS','02934769000102',NULL,NULL,1,'2025-01-06 21:38:58.604','2025-01-06 21:38:58.604'),
(38,'J & F COMERCIO DE  HORTIFRUTIGRANJEIROS','SITIO BELO HORIZONTE FLV','47.24-5-00 - COMÉRCIO VAREJISTA DE HORTIFRUTIGRANJEIROS','28430193000130',NULL,NULL,1,'2025-01-06 21:38:58.604','2025-01-06 21:38:58.604'),
(39,'','TENDTUDO',NULL,'',NULL,NULL,1,'2025-01-06 21:38:58.604','2025-01-06 21:38:58.604'),
(40,'M REIS COMERCIO E SERVIÇOS','VERDFRUT - SR. kaio reis','4724-5/00 - Comércio varejista de hortifrutigranjeiros','12523733000190',NULL,NULL,1,'2025-01-06 21:38:58.929','2025-01-06 21:38:58.929'),
(41,'Tambau Hortifruti LTDA','VERDFRUT - SR. BETO SENA',NULL,'14523861000169',NULL,NULL,1,'2025-01-06 21:38:58.939','2025-01-06 21:38:58.939'),
(42,'VERDÃO DISTRIBUIDORA DE HORTIFRUTI LTDA','VERDÃO DISTRIBUIDORA (LEANDRO)','46.33-8-01 - Comércio atacadista de frutas, verduras, raízes, tubérculos, hortaliças e legumes frescos','08868231000123',NULL,NULL,1,'2025-01-06 21:38:58.939','2025-01-06 21:38:58.939'),
(43,'HORTIFRUTI VIDA LTDA','HORTIFRUTI VIDA - SR. ANDERSON ','46.33-8-01 - COMÉRCIO ATACADISTA DE FRUTAS, VERDURAS, RAÍZES, TUBÉRCULOS, HORTALIÇAS E LEGUMES FRESCOS','31732952000123',NULL,NULL,1,'2025-01-06 21:38:58.939','2025-01-06 21:38:58.939'),
(44,'H DOS SANTOS OLIVEIRA','HORTFOLHAS',NULL,'03011948900018',NULL,NULL,1,'2025-01-06 21:38:58.939','2025-01-06 21:38:58.939');
/*!40000 ALTER TABLE `client` ENABLE KEYS */;
UNLOCK TABLES;

--
-- Table structure for table `commercial_contact`
--

DROP TABLE IF EXISTS `commercial_contact`;
/*!40101 SET @saved_cs_client     = @@character_set_client */;
/*!40101 SET character_set_client = utf8 */;
CREATE TABLE `commercial_contact` (
  `sectorId` int(11) NOT NULL,
  `clientId` int(11) NOT NULL,
  `created_at` datetime(3) NOT NULL DEFAULT current_timestamp(3),
  `update_at` datetime(3) NOT NULL DEFAULT current_timestamp(3),
  PRIMARY KEY (`sectorId`,`clientId`),
  KEY `commercial_contact_clientId_fkey` (`clientId`),
  CONSTRAINT `commercial_contact_clientId_fkey` FOREIGN KEY (`clientId`) REFERENCES `client` (`id`) ON DELETE CASCADE ON UPDATE CASCADE,
  CONSTRAINT `commercial_contact_sectorId_fkey` FOREIGN KEY (`sectorId`) REFERENCES `sector` (`id`) ON DELETE CASCADE ON UPDATE CASCADE
) ENGINE=InnoDB DEFAULT CHARSET=utf8mb4 COLLATE=utf8mb4_unicode_ci;
/*!40101 SET character_set_client = @saved_cs_client */;

--
-- Dumping data for table `commercial_contact`
--

LOCK TABLES `commercial_contact` WRITE;
/*!40000 ALTER TABLE `commercial_contact` DISABLE KEYS */;
INSERT INTO `commercial_contact` VALUES
(14,1,'2025-01-06 21:38:58.007','2025-01-06 21:38:58.007'),
(15,5,'2025-01-06 21:38:58.006','2025-01-06 21:38:58.006'),
(16,12,'2025-01-06 21:38:58.006','2025-01-06 21:38:58.006'),
(17,4,'2025-01-06 21:38:58.007','2025-01-06 21:38:58.007'),
(18,3,'2025-01-06 21:38:58.007','2025-01-06 21:38:58.007'),
(19,6,'2025-01-06 21:38:58.004','2025-01-06 21:38:58.004'),
(20,10,'2025-01-06 21:38:58.007','2025-01-06 21:38:58.007'),
(21,8,'2025-01-06 21:38:58.007','2025-01-06 21:38:58.007'),
(22,11,'2025-01-06 21:38:58.007','2025-01-06 21:38:58.007'),
(23,7,'2025-01-06 21:38:58.007','2025-01-06 21:38:58.007'),
(24,9,'2025-01-06 21:38:58.007','2025-01-06 21:38:58.007'),
(25,13,'2025-01-06 21:38:58.007','2025-01-06 21:38:58.007'),
(26,2,'2025-01-06 21:38:58.007','2025-01-06 21:38:58.007'),
(66,16,'2025-01-06 21:38:58.316','2025-01-06 21:38:58.316'),
(67,14,'2025-01-06 21:38:58.316','2025-01-06 21:38:58.316'),
(68,15,'2025-01-06 21:38:58.316','2025-01-06 21:38:58.316'),
(69,17,'2025-01-06 21:38:58.316','2025-01-06 21:38:58.316'),
(70,18,'2025-01-06 21:38:58.316','2025-01-06 21:38:58.316'),
(71,20,'2025-01-06 21:38:58.316','2025-01-06 21:38:58.316'),
(72,19,'2025-01-06 21:38:58.316','2025-01-06 21:38:58.316'),
(73,21,'2025-01-06 21:38:58.316','2025-01-06 21:38:58.316'),
(74,23,'2025-01-06 21:38:58.316','2025-01-06 21:38:58.316'),
(75,22,'2025-01-06 21:38:58.316','2025-01-06 21:38:58.316'),
(76,24,'2025-01-06 21:38:58.316','2025-01-06 21:38:58.316'),
(77,25,'2025-01-06 21:38:58.317','2025-01-06 21:38:58.317'),
(78,26,'2025-01-06 21:38:58.316','2025-01-06 21:38:58.316'),
(118,27,'2025-01-06 21:38:58.602','2025-01-06 21:38:58.602'),
(119,30,'2025-01-06 21:38:58.603','2025-01-06 21:38:58.603'),
(120,29,'2025-01-06 21:38:58.603','2025-01-06 21:38:58.603'),
(121,28,'2025-01-06 21:38:58.603','2025-01-06 21:38:58.603'),
(122,31,'2025-01-06 21:38:58.603','2025-01-06 21:38:58.603'),
(123,32,'2025-01-06 21:38:58.603','2025-01-06 21:38:58.603'),
(124,33,'2025-01-06 21:38:58.603','2025-01-06 21:38:58.603'),
(125,35,'2025-01-06 21:38:58.603','2025-01-06 21:38:58.603'),
(126,34,'2025-01-06 21:38:58.603','2025-01-06 21:38:58.603'),
(127,36,'2025-01-06 21:38:58.604','2025-01-06 21:38:58.604'),
(128,37,'2025-01-06 21:38:58.604','2025-01-06 21:38:58.604'),
(129,38,'2025-01-06 21:38:58.604','2025-01-06 21:38:58.604'),
(130,39,'2025-01-06 21:38:58.604','2025-01-06 21:38:58.604'),
(161,40,'2025-01-06 21:38:58.929','2025-01-06 21:38:58.929'),
(163,42,'2025-01-06 21:38:58.939','2025-01-06 21:38:58.939'),
(164,43,'2025-01-06 21:38:58.939','2025-01-06 21:38:58.939'),
(165,41,'2025-01-06 21:38:58.939','2025-01-06 21:38:58.939'),
(166,44,'2025-01-06 21:38:58.939','2025-01-06 21:38:58.939');
/*!40000 ALTER TABLE `commercial_contact` ENABLE KEYS */;
UNLOCK TABLES;

--
-- Table structure for table `commercial_image`
--

DROP TABLE IF EXISTS `commercial_image`;
/*!40101 SET @saved_cs_client     = @@character_set_client */;
/*!40101 SET character_set_client = utf8 */;
CREATE TABLE `commercial_image` (
  `imageId` int(11) NOT NULL,
  `commercial_contactId` int(11) NOT NULL,
  `created_at` datetime(3) NOT NULL DEFAULT current_timestamp(3),
  `update_at` datetime(3) NOT NULL DEFAULT current_timestamp(3),
  PRIMARY KEY (`imageId`,`commercial_contactId`),
  KEY `commercial_image_commercial_contactId_fkey` (`commercial_contactId`),
  CONSTRAINT `commercial_image_commercial_contactId_fkey` FOREIGN KEY (`commercial_contactId`) REFERENCES `sector` (`id`) ON DELETE CASCADE ON UPDATE CASCADE,
  CONSTRAINT `commercial_image_imageId_fkey` FOREIGN KEY (`imageId`) REFERENCES `imagem` (`id`) ON DELETE CASCADE ON UPDATE CASCADE
) ENGINE=InnoDB DEFAULT CHARSET=utf8mb4 COLLATE=utf8mb4_unicode_ci;
/*!40101 SET character_set_client = @saved_cs_client */;

--
-- Dumping data for table `commercial_image`
--

LOCK TABLES `commercial_image` WRITE;
/*!40000 ALTER TABLE `commercial_image` DISABLE KEYS */;
INSERT INTO `commercial_image` VALUES
(40,16,'2025-01-06 21:38:58.006','2025-01-06 21:38:58.006'),
(41,18,'2025-01-06 21:38:58.007','2025-01-06 21:38:58.007'),
(42,17,'2025-01-06 21:38:58.007','2025-01-06 21:38:58.007'),
(43,15,'2025-01-06 21:38:58.006','2025-01-06 21:38:58.006'),
(44,14,'2025-01-06 21:38:58.007','2025-01-06 21:38:58.007'),
(45,19,'2025-01-06 21:38:58.004','2025-01-06 21:38:58.004'),
(46,21,'2025-01-06 21:38:58.007','2025-01-06 21:38:58.007'),
(47,22,'2025-01-06 21:38:58.007','2025-01-06 21:38:58.007'),
(48,20,'2025-01-06 21:38:58.007','2025-01-06 21:38:58.007'),
(49,23,'2025-01-06 21:38:58.007','2025-01-06 21:38:58.007'),
(50,24,'2025-01-06 21:38:58.007','2025-01-06 21:38:58.007'),
(51,26,'2025-01-06 21:38:58.007','2025-01-06 21:38:58.007'),
(52,25,'2025-01-06 21:38:58.007','2025-01-06 21:38:58.007'),
(92,68,'2025-01-06 21:38:58.316','2025-01-06 21:38:58.316'),
(93,69,'2025-01-06 21:38:58.316','2025-01-06 21:38:58.316'),
(94,70,'2025-01-06 21:38:58.316','2025-01-06 21:38:58.316'),
(95,67,'2025-01-06 21:38:58.316','2025-01-06 21:38:58.316'),
(96,66,'2025-01-06 21:38:58.316','2025-01-06 21:38:58.316'),
(97,71,'2025-01-06 21:38:58.316','2025-01-06 21:38:58.316'),
(98,73,'2025-01-06 21:38:58.316','2025-01-06 21:38:58.316'),
(99,72,'2025-01-06 21:38:58.316','2025-01-06 21:38:58.316'),
(100,74,'2025-01-06 21:38:58.316','2025-01-06 21:38:58.316'),
(101,77,'2025-01-06 21:38:58.317','2025-01-06 21:38:58.317'),
(102,76,'2025-01-06 21:38:58.316','2025-01-06 21:38:58.316'),
(103,75,'2025-01-06 21:38:58.316','2025-01-06 21:38:58.316'),
(104,78,'2025-01-06 21:38:58.316','2025-01-06 21:38:58.316'),
(143,118,'2025-01-06 21:38:58.602','2025-01-06 21:38:58.602'),
(145,129,'2025-01-06 21:38:58.604','2025-01-06 21:38:58.604'),
(146,123,'2025-01-06 21:38:58.603','2025-01-06 21:38:58.603'),
(147,119,'2025-01-06 21:38:58.603','2025-01-06 21:38:58.603'),
(148,125,'2025-01-06 21:38:58.603','2025-01-06 21:38:58.603'),
(149,120,'2025-01-06 21:38:58.603','2025-01-06 21:38:58.603'),
(150,122,'2025-01-06 21:38:58.603','2025-01-06 21:38:58.603'),
(151,121,'2025-01-06 21:38:58.603','2025-01-06 21:38:58.603'),
(152,130,'2025-01-06 21:38:58.604','2025-01-06 21:38:58.604'),
(153,128,'2025-01-06 21:38:58.604','2025-01-06 21:38:58.604'),
(154,124,'2025-01-06 21:38:58.603','2025-01-06 21:38:58.603'),
(155,126,'2025-01-06 21:38:58.603','2025-01-06 21:38:58.603'),
(156,127,'2025-01-06 21:38:58.604','2025-01-06 21:38:58.604'),
(168,161,'2025-01-06 21:38:58.929','2025-01-06 21:38:58.929'),
(173,163,'2025-01-06 21:38:58.939','2025-01-06 21:38:58.939'),
(174,166,'2025-01-06 21:38:58.939','2025-01-06 21:38:58.939'),
(175,164,'2025-01-06 21:38:58.939','2025-01-06 21:38:58.939'),
(176,165,'2025-01-06 21:38:58.939','2025-01-06 21:38:58.939');
/*!40000 ALTER TABLE `commercial_image` ENABLE KEYS */;
UNLOCK TABLES;

--
-- Table structure for table `company_address`
--

DROP TABLE IF EXISTS `company_address`;
/*!40101 SET @saved_cs_client     = @@character_set_client */;
/*!40101 SET character_set_client = utf8 */;
CREATE TABLE `company_address` (
  `id` int(11) NOT NULL AUTO_INCREMENT,
  `adressId` int(11) NOT NULL,
  `clientId` int(11) NOT NULL,
  `created_at` datetime(3) NOT NULL DEFAULT current_timestamp(3),
  `update_at` datetime(3) NOT NULL DEFAULT current_timestamp(3),
  PRIMARY KEY (`id`),
  KEY `company_address_clientId_fkey` (`clientId`),
  KEY `company_address_adressId_fkey` (`adressId`),
  CONSTRAINT `company_address_adressId_fkey` FOREIGN KEY (`adressId`) REFERENCES `address` (`id`) ON DELETE CASCADE ON UPDATE CASCADE,
  CONSTRAINT `company_address_clientId_fkey` FOREIGN KEY (`clientId`) REFERENCES `client` (`id`) ON DELETE CASCADE ON UPDATE CASCADE
) ENGINE=InnoDB AUTO_INCREMENT=45 DEFAULT CHARSET=utf8mb4 COLLATE=utf8mb4_unicode_ci;
/*!40101 SET character_set_client = @saved_cs_client */;

--
-- Dumping data for table `company_address`
--

LOCK TABLES `company_address` WRITE;
/*!40000 ALTER TABLE `company_address` DISABLE KEYS */;
INSERT INTO `company_address` VALUES
(1,4,5,'2025-01-06 21:38:58.006','2025-01-06 21:38:58.006'),
(2,3,3,'2025-01-06 21:38:58.007','2025-01-06 21:38:58.007'),
(3,2,12,'2025-01-06 21:38:58.006','2025-01-06 21:38:58.006'),
(4,9,11,'2025-01-06 21:38:58.007','2025-01-06 21:38:58.007'),
(5,8,8,'2025-01-06 21:38:58.007','2025-01-06 21:38:58.007'),
(6,7,6,'2025-01-06 21:38:58.004','2025-01-06 21:38:58.004'),
(7,10,7,'2025-01-06 21:38:58.007','2025-01-06 21:38:58.007'),
(8,13,2,'2025-01-06 21:38:58.007','2025-01-06 21:38:58.007'),
(9,6,10,'2025-01-06 21:38:58.007','2025-01-06 21:38:58.007'),
(10,5,4,'2025-01-06 21:38:58.007','2025-01-06 21:38:58.007'),
(11,1,1,'2025-01-06 21:38:58.007','2025-01-06 21:38:58.007'),
(12,11,9,'2025-01-06 21:38:58.007','2025-01-06 21:38:58.007'),
(13,12,13,'2025-01-06 21:38:58.007','2025-01-06 21:38:58.007'),
(14,31,18,'2025-01-06 21:38:58.316','2025-01-06 21:38:58.316'),
(15,28,14,'2025-01-06 21:38:58.316','2025-01-06 21:38:58.316'),
(16,30,17,'2025-01-06 21:38:58.316','2025-01-06 21:38:58.316'),
(17,27,15,'2025-01-06 21:38:58.316','2025-01-06 21:38:58.316'),
(18,29,16,'2025-01-06 21:38:58.316','2025-01-06 21:38:58.316'),
(19,32,20,'2025-01-06 21:38:58.316','2025-01-06 21:38:58.316'),
(20,33,19,'2025-01-06 21:38:58.316','2025-01-06 21:38:58.316'),
(21,34,21,'2025-01-06 21:38:58.316','2025-01-06 21:38:58.316'),
(22,35,23,'2025-01-06 21:38:58.316','2025-01-06 21:38:58.316'),
(23,38,25,'2025-01-06 21:38:58.317','2025-01-06 21:38:58.317'),
(24,37,24,'2025-01-06 21:38:58.316','2025-01-06 21:38:58.316'),
(25,36,22,'2025-01-06 21:38:58.316','2025-01-06 21:38:58.316'),
(26,39,26,'2025-01-06 21:38:58.316','2025-01-06 21:38:58.316'),
(27,53,27,'2025-01-06 21:38:58.602','2025-01-06 21:38:58.602'),
(28,64,38,'2025-01-06 21:38:58.604','2025-01-06 21:38:58.604'),
(29,57,32,'2025-01-06 21:38:58.603','2025-01-06 21:38:58.603'),
(30,56,30,'2025-01-06 21:38:58.603','2025-01-06 21:38:58.603'),
(31,61,35,'2025-01-06 21:38:58.603','2025-01-06 21:38:58.603'),
(32,54,29,'2025-01-06 21:38:58.603','2025-01-06 21:38:58.603'),
(33,58,31,'2025-01-06 21:38:58.603','2025-01-06 21:38:58.603'),
(34,55,28,'2025-01-06 21:38:58.603','2025-01-06 21:38:58.603'),
(35,65,39,'2025-01-06 21:38:58.604','2025-01-06 21:38:58.604'),
(36,63,37,'2025-01-06 21:38:58.604','2025-01-06 21:38:58.604'),
(37,59,33,'2025-01-06 21:38:58.603','2025-01-06 21:38:58.603'),
(38,62,36,'2025-01-06 21:38:58.604','2025-01-06 21:38:58.604'),
(39,60,34,'2025-01-06 21:38:58.603','2025-01-06 21:38:58.603'),
(40,79,40,'2025-01-06 21:38:58.929','2025-01-06 21:38:58.929'),
(41,84,44,'2025-01-06 21:38:58.939','2025-01-06 21:38:58.939'),
(42,80,42,'2025-01-06 21:38:58.939','2025-01-06 21:38:58.939'),
(43,82,43,'2025-01-06 21:38:58.939','2025-01-06 21:38:58.939'),
(44,81,41,'2025-01-06 21:38:58.939','2025-01-06 21:38:58.939');
/*!40000 ALTER TABLE `company_address` ENABLE KEYS */;
UNLOCK TABLES;

--
-- Table structure for table `delivery_address`
--

DROP TABLE IF EXISTS `delivery_address`;
/*!40101 SET @saved_cs_client     = @@character_set_client */;
/*!40101 SET character_set_client = utf8 */;
CREATE TABLE `delivery_address` (
  `id` int(11) NOT NULL AUTO_INCREMENT,
  `adressId` int(11) NOT NULL,
  `clientId` int(11) NOT NULL,
  `created_at` datetime(3) NOT NULL DEFAULT current_timestamp(3),
  `update_at` datetime(3) NOT NULL DEFAULT current_timestamp(3),
  PRIMARY KEY (`id`),
  KEY `delivery_address_clientId_fkey` (`clientId`),
  KEY `delivery_address_adressId_fkey` (`adressId`),
  CONSTRAINT `delivery_address_adressId_fkey` FOREIGN KEY (`adressId`) REFERENCES `address` (`id`) ON DELETE CASCADE ON UPDATE CASCADE,
  CONSTRAINT `delivery_address_clientId_fkey` FOREIGN KEY (`clientId`) REFERENCES `client` (`id`) ON DELETE CASCADE ON UPDATE CASCADE
) ENGINE=InnoDB AUTO_INCREMENT=45 DEFAULT CHARSET=utf8mb4 COLLATE=utf8mb4_unicode_ci;
/*!40101 SET character_set_client = @saved_cs_client */;

--
-- Dumping data for table `delivery_address`
--

LOCK TABLES `delivery_address` WRITE;
/*!40000 ALTER TABLE `delivery_address` DISABLE KEYS */;
INSERT INTO `delivery_address` VALUES
(1,19,6,'2025-01-06 21:38:58.004','2025-01-06 21:38:58.004'),
(2,17,3,'2025-01-06 21:38:58.007','2025-01-06 21:38:58.007'),
(3,21,8,'2025-01-06 21:38:58.007','2025-01-06 21:38:58.007'),
(4,25,13,'2025-01-06 21:38:58.007','2025-01-06 21:38:58.007'),
(5,24,9,'2025-01-06 21:38:58.007','2025-01-06 21:38:58.007'),
(6,23,7,'2025-01-06 21:38:58.007','2025-01-06 21:38:58.007'),
(7,22,11,'2025-01-06 21:38:58.007','2025-01-06 21:38:58.007'),
(8,18,4,'2025-01-06 21:38:58.007','2025-01-06 21:38:58.007'),
(9,20,10,'2025-01-06 21:38:58.007','2025-01-06 21:38:58.007'),
(10,15,12,'2025-01-06 21:38:58.006','2025-01-06 21:38:58.006'),
(11,26,2,'2025-01-06 21:38:58.007','2025-01-06 21:38:58.007'),
(12,14,1,'2025-01-06 21:38:58.007','2025-01-06 21:38:58.007'),
(13,16,5,'2025-01-06 21:38:58.006','2025-01-06 21:38:58.006'),
(14,43,17,'2025-01-06 21:38:58.316','2025-01-06 21:38:58.316'),
(15,42,15,'2025-01-06 21:38:58.316','2025-01-06 21:38:58.316'),
(16,44,18,'2025-01-06 21:38:58.316','2025-01-06 21:38:58.316'),
(17,40,14,'2025-01-06 21:38:58.316','2025-01-06 21:38:58.316'),
(18,41,16,'2025-01-06 21:38:58.316','2025-01-06 21:38:58.316'),
(19,45,20,'2025-01-06 21:38:58.316','2025-01-06 21:38:58.316'),
(20,46,19,'2025-01-06 21:38:58.316','2025-01-06 21:38:58.316'),
(21,47,21,'2025-01-06 21:38:58.316','2025-01-06 21:38:58.316'),
(22,48,23,'2025-01-06 21:38:58.316','2025-01-06 21:38:58.316'),
(23,51,25,'2025-01-06 21:38:58.317','2025-01-06 21:38:58.317'),
(24,50,24,'2025-01-06 21:38:58.316','2025-01-06 21:38:58.316'),
(25,49,22,'2025-01-06 21:38:58.316','2025-01-06 21:38:58.316'),
(26,52,26,'2025-01-06 21:38:58.316','2025-01-06 21:38:58.316'),
(27,66,27,'2025-01-06 21:38:58.602','2025-01-06 21:38:58.602'),
(28,77,38,'2025-01-06 21:38:58.604','2025-01-06 21:38:58.604'),
(29,67,30,'2025-01-06 21:38:58.603','2025-01-06 21:38:58.603'),
(30,72,32,'2025-01-06 21:38:58.603','2025-01-06 21:38:58.603'),
(31,73,35,'2025-01-06 21:38:58.603','2025-01-06 21:38:58.603'),
(32,69,29,'2025-01-06 21:38:58.603','2025-01-06 21:38:58.603'),
(33,70,31,'2025-01-06 21:38:58.603','2025-01-06 21:38:58.603'),
(34,68,28,'2025-01-06 21:38:58.603','2025-01-06 21:38:58.603'),
(35,78,39,'2025-01-06 21:38:58.604','2025-01-06 21:38:58.604'),
(36,76,37,'2025-01-06 21:38:58.604','2025-01-06 21:38:58.604'),
(37,71,33,'2025-01-06 21:38:58.603','2025-01-06 21:38:58.603'),
(38,75,36,'2025-01-06 21:38:58.604','2025-01-06 21:38:58.604'),
(39,74,34,'2025-01-06 21:38:58.603','2025-01-06 21:38:58.603'),
(40,83,40,'2025-01-06 21:38:58.929','2025-01-06 21:38:58.929'),
(41,88,44,'2025-01-06 21:38:58.939','2025-01-06 21:38:58.939'),
(42,87,42,'2025-01-06 21:38:58.939','2025-01-06 21:38:58.939'),
(43,85,43,'2025-01-06 21:38:58.939','2025-01-06 21:38:58.939'),
(44,86,41,'2025-01-06 21:38:58.939','2025-01-06 21:38:58.939');
/*!40000 ALTER TABLE `delivery_address` ENABLE KEYS */;
UNLOCK TABLES;

--
-- Table structure for table `financial_contact`
--

DROP TABLE IF EXISTS `financial_contact`;
/*!40101 SET @saved_cs_client     = @@character_set_client */;
/*!40101 SET character_set_client = utf8 */;
CREATE TABLE `financial_contact` (
  `sectorId` int(11) NOT NULL,
  `clientId` int(11) NOT NULL,
  `created_at` datetime(3) NOT NULL DEFAULT current_timestamp(3),
  `update_at` datetime(3) NOT NULL DEFAULT current_timestamp(3),
  PRIMARY KEY (`sectorId`,`clientId`),
  KEY `financial_contact_clientId_fkey` (`clientId`),
  CONSTRAINT `financial_contact_clientId_fkey` FOREIGN KEY (`clientId`) REFERENCES `client` (`id`) ON DELETE CASCADE ON UPDATE CASCADE,
  CONSTRAINT `financial_contact_sectorId_fkey` FOREIGN KEY (`sectorId`) REFERENCES `sector` (`id`) ON DELETE CASCADE ON UPDATE CASCADE
) ENGINE=InnoDB DEFAULT CHARSET=utf8mb4 COLLATE=utf8mb4_unicode_ci;
/*!40101 SET character_set_client = @saved_cs_client */;

--
-- Dumping data for table `financial_contact`
--

LOCK TABLES `financial_contact` WRITE;
/*!40000 ALTER TABLE `financial_contact` DISABLE KEYS */;
INSERT INTO `financial_contact` VALUES
(27,5,'2025-01-06 21:38:58.006','2025-01-06 21:38:58.006'),
(28,12,'2025-01-06 21:38:58.006','2025-01-06 21:38:58.006'),
(29,1,'2025-01-06 21:38:58.007','2025-01-06 21:38:58.007'),
(30,4,'2025-01-06 21:38:58.007','2025-01-06 21:38:58.007'),
(31,3,'2025-01-06 21:38:58.007','2025-01-06 21:38:58.007'),
(32,6,'2025-01-06 21:38:58.004','2025-01-06 21:38:58.004'),
(33,10,'2025-01-06 21:38:58.007','2025-01-06 21:38:58.007'),
(34,8,'2025-01-06 21:38:58.007','2025-01-06 21:38:58.007'),
(35,11,'2025-01-06 21:38:58.007','2025-01-06 21:38:58.007'),
(36,9,'2025-01-06 21:38:58.007','2025-01-06 21:38:58.007'),
(37,7,'2025-01-06 21:38:58.007','2025-01-06 21:38:58.007'),
(38,13,'2025-01-06 21:38:58.007','2025-01-06 21:38:58.007'),
(39,2,'2025-01-06 21:38:58.007','2025-01-06 21:38:58.007'),
(79,16,'2025-01-06 21:38:58.316','2025-01-06 21:38:58.316'),
(80,14,'2025-01-06 21:38:58.316','2025-01-06 21:38:58.316'),
(81,15,'2025-01-06 21:38:58.316','2025-01-06 21:38:58.316'),
(82,17,'2025-01-06 21:38:58.316','2025-01-06 21:38:58.316'),
(83,18,'2025-01-06 21:38:58.316','2025-01-06 21:38:58.316'),
(84,20,'2025-01-06 21:38:58.316','2025-01-06 21:38:58.316'),
(85,19,'2025-01-06 21:38:58.316','2025-01-06 21:38:58.316'),
(86,21,'2025-01-06 21:38:58.316','2025-01-06 21:38:58.316'),
(87,23,'2025-01-06 21:38:58.316','2025-01-06 21:38:58.316'),
(88,22,'2025-01-06 21:38:58.316','2025-01-06 21:38:58.316'),
(89,25,'2025-01-06 21:38:58.317','2025-01-06 21:38:58.317'),
(90,24,'2025-01-06 21:38:58.316','2025-01-06 21:38:58.316'),
(91,26,'2025-01-06 21:38:58.316','2025-01-06 21:38:58.316'),
(131,27,'2025-01-06 21:38:58.602','2025-01-06 21:38:58.602'),
(132,29,'2025-01-06 21:38:58.603','2025-01-06 21:38:58.603'),
(133,31,'2025-01-06 21:38:58.603','2025-01-06 21:38:58.603'),
(134,30,'2025-01-06 21:38:58.603','2025-01-06 21:38:58.603'),
(135,28,'2025-01-06 21:38:58.603','2025-01-06 21:38:58.603'),
(136,32,'2025-01-06 21:38:58.603','2025-01-06 21:38:58.603'),
(137,33,'2025-01-06 21:38:58.603','2025-01-06 21:38:58.603'),
(138,35,'2025-01-06 21:38:58.603','2025-01-06 21:38:58.603'),
(139,34,'2025-01-06 21:38:58.603','2025-01-06 21:38:58.603'),
(140,36,'2025-01-06 21:38:58.604','2025-01-06 21:38:58.604'),
(141,37,'2025-01-06 21:38:58.604','2025-01-06 21:38:58.604'),
(142,39,'2025-01-06 21:38:58.604','2025-01-06 21:38:58.604'),
(143,38,'2025-01-06 21:38:58.604','2025-01-06 21:38:58.604'),
(167,40,'2025-01-06 21:38:58.929','2025-01-06 21:38:58.929'),
(168,42,'2025-01-06 21:38:58.939','2025-01-06 21:38:58.939'),
(169,41,'2025-01-06 21:38:58.939','2025-01-06 21:38:58.939'),
(170,43,'2025-01-06 21:38:58.939','2025-01-06 21:38:58.939'),
(171,44,'2025-01-06 21:38:58.939','2025-01-06 21:38:58.939');
/*!40000 ALTER TABLE `financial_contact` ENABLE KEYS */;
UNLOCK TABLES;

--
-- Table structure for table `financial_image`
--

DROP TABLE IF EXISTS `financial_image`;
/*!40101 SET @saved_cs_client     = @@character_set_client */;
/*!40101 SET character_set_client = utf8 */;
CREATE TABLE `financial_image` (
  `imageId` int(11) NOT NULL,
  `financial_contactId` int(11) NOT NULL,
  `created_at` datetime(3) NOT NULL DEFAULT current_timestamp(3),
  `update_at` datetime(3) NOT NULL DEFAULT current_timestamp(3),
  PRIMARY KEY (`imageId`,`financial_contactId`),
  KEY `financial_image_financial_contactId_fkey` (`financial_contactId`),
  CONSTRAINT `financial_image_financial_contactId_fkey` FOREIGN KEY (`financial_contactId`) REFERENCES `sector` (`id`) ON DELETE CASCADE ON UPDATE CASCADE,
  CONSTRAINT `financial_image_imageId_fkey` FOREIGN KEY (`imageId`) REFERENCES `imagem` (`id`) ON DELETE CASCADE ON UPDATE CASCADE
) ENGINE=InnoDB DEFAULT CHARSET=utf8mb4 COLLATE=utf8mb4_unicode_ci;
/*!40101 SET character_set_client = @saved_cs_client */;

--
-- Dumping data for table `financial_image`
--

LOCK TABLES `financial_image` WRITE;
/*!40000 ALTER TABLE `financial_image` DISABLE KEYS */;
/*!40000 ALTER TABLE `financial_image` ENABLE KEYS */;
UNLOCK TABLES;

--
-- Table structure for table `image_company`
--

DROP TABLE IF EXISTS `image_company`;
/*!40101 SET @saved_cs_client     = @@character_set_client */;
/*!40101 SET character_set_client = utf8 */;
CREATE TABLE `image_company` (
  `companyId` int(11) NOT NULL,
  `imageId` int(11) NOT NULL,
  `created_at` datetime(3) NOT NULL DEFAULT current_timestamp(3),
  `update_at` datetime(3) NOT NULL DEFAULT current_timestamp(3),
  PRIMARY KEY (`companyId`,`imageId`),
  KEY `image_company_imageId_fkey` (`imageId`),
  CONSTRAINT `image_company_companyId_fkey` FOREIGN KEY (`companyId`) REFERENCES `client` (`id`) ON DELETE CASCADE ON UPDATE CASCADE,
  CONSTRAINT `image_company_imageId_fkey` FOREIGN KEY (`imageId`) REFERENCES `imagem` (`id`) ON DELETE CASCADE ON UPDATE CASCADE
) ENGINE=InnoDB DEFAULT CHARSET=utf8mb4 COLLATE=utf8mb4_unicode_ci;
/*!40101 SET character_set_client = @saved_cs_client */;

--
-- Dumping data for table `image_company`
--

LOCK TABLES `image_company` WRITE;
/*!40000 ALTER TABLE `image_company` DISABLE KEYS */;
INSERT INTO `image_company` VALUES
(1,18,'2025-01-06 21:38:58.007','2025-01-06 21:38:58.007'),
(2,26,'2025-01-06 21:38:58.007','2025-01-06 21:38:58.007'),
(3,15,'2025-01-06 21:38:58.007','2025-01-06 21:38:58.007'),
(4,14,'2025-01-06 21:38:58.007','2025-01-06 21:38:58.007'),
(5,16,'2025-01-06 21:38:58.006','2025-01-06 21:38:58.006'),
(6,19,'2025-01-06 21:38:58.004','2025-01-06 21:38:58.004'),
(7,24,'2025-01-06 21:38:58.007','2025-01-06 21:38:58.007'),
(8,20,'2025-01-06 21:38:58.007','2025-01-06 21:38:58.007'),
(9,23,'2025-01-06 21:38:58.007','2025-01-06 21:38:58.007'),
(10,21,'2025-01-06 21:38:58.007','2025-01-06 21:38:58.007'),
(11,22,'2025-01-06 21:38:58.007','2025-01-06 21:38:58.007'),
(12,17,'2025-01-06 21:38:58.006','2025-01-06 21:38:58.006'),
(13,25,'2025-01-06 21:38:58.007','2025-01-06 21:38:58.007'),
(14,66,'2025-01-06 21:38:58.316','2025-01-06 21:38:58.316'),
(15,67,'2025-01-06 21:38:58.316','2025-01-06 21:38:58.316'),
(16,70,'2025-01-06 21:38:58.316','2025-01-06 21:38:58.316'),
(17,68,'2025-01-06 21:38:58.316','2025-01-06 21:38:58.316'),
(18,69,'2025-01-06 21:38:58.316','2025-01-06 21:38:58.316'),
(19,72,'2025-01-06 21:38:58.316','2025-01-06 21:38:58.316'),
(20,71,'2025-01-06 21:38:58.316','2025-01-06 21:38:58.316'),
(21,73,'2025-01-06 21:38:58.316','2025-01-06 21:38:58.316'),
(22,76,'2025-01-06 21:38:58.316','2025-01-06 21:38:58.316'),
(23,75,'2025-01-06 21:38:58.316','2025-01-06 21:38:58.316'),
(24,77,'2025-01-06 21:38:58.316','2025-01-06 21:38:58.316'),
(25,74,'2025-01-06 21:38:58.317','2025-01-06 21:38:58.317'),
(26,78,'2025-01-06 21:38:58.316','2025-01-06 21:38:58.316'),
(27,118,'2025-01-06 21:38:58.602','2025-01-06 21:38:58.602'),
(28,124,'2025-01-06 21:38:58.603','2025-01-06 21:38:58.603'),
(29,123,'2025-01-06 21:38:58.603','2025-01-06 21:38:58.603'),
(30,119,'2025-01-06 21:38:58.603','2025-01-06 21:38:58.603'),
(31,125,'2025-01-06 21:38:58.603','2025-01-06 21:38:58.603'),
(32,120,'2025-01-06 21:38:58.603','2025-01-06 21:38:58.603'),
(33,126,'2025-01-06 21:38:58.603','2025-01-06 21:38:58.603'),
(34,129,'2025-01-06 21:38:58.603','2025-01-06 21:38:58.603'),
(35,121,'2025-01-06 21:38:58.603','2025-01-06 21:38:58.603'),
(36,131,'2025-01-06 21:38:58.604','2025-01-06 21:38:58.604'),
(37,128,'2025-01-06 21:38:58.604','2025-01-06 21:38:58.604'),
(38,122,'2025-01-06 21:38:58.604','2025-01-06 21:38:58.604'),
(39,127,'2025-01-06 21:38:58.604','2025-01-06 21:38:58.604'),
(40,162,'2025-01-06 21:38:58.929','2025-01-06 21:38:58.929'),
(41,167,'2025-01-06 21:38:58.939','2025-01-06 21:38:58.939'),
(42,165,'2025-01-06 21:38:58.939','2025-01-06 21:38:58.939'),
(43,166,'2025-01-06 21:38:58.939','2025-01-06 21:38:58.939'),
(44,163,'2025-01-06 21:38:58.939','2025-01-06 21:38:58.939');
/*!40000 ALTER TABLE `image_company` ENABLE KEYS */;
UNLOCK TABLES;

--
-- Table structure for table `imagem`
--

DROP TABLE IF EXISTS `imagem`;
/*!40101 SET @saved_cs_client     = @@character_set_client */;
/*!40101 SET character_set_client = utf8 */;
CREATE TABLE `imagem` (
  `id` int(11) NOT NULL AUTO_INCREMENT,
  `path` varchar(191) DEFAULT NULL,
  `created_at` datetime(3) NOT NULL DEFAULT current_timestamp(3),
  `update_at` datetime(3) NOT NULL DEFAULT current_timestamp(3),
  PRIMARY KEY (`id`)
) ENGINE=InnoDB AUTO_INCREMENT=177 DEFAULT CHARSET=utf8mb4 COLLATE=utf8mb4_unicode_ci;
/*!40101 SET character_set_client = @saved_cs_client */;

--
-- Dumping data for table `imagem`
--

LOCK TABLES `imagem` WRITE;
/*!40000 ALTER TABLE `imagem` DISABLE KEYS */;
INSERT INTO `imagem` VALUES
(1,'https://bgtech.com.br/erp/assets/img_profile/17361349943252.png','2025-01-06 21:38:58.007','2025-01-06 21:38:58.007'),
(2,'https://bgtech.com.br/erp/assets/img_profile/17361350138952.png','2025-01-06 21:38:58.006','2025-01-06 21:38:58.006'),
(3,'https://bgtech.com.br/erp/assets/img_profile/17361350237672.png','2025-01-06 21:38:58.006','2025-01-06 21:38:58.006'),
(4,'https://bgtech.com.br/erp/assets/img_profile/17361350390518.png','2025-01-06 21:38:58.007','2025-01-06 21:38:58.007'),
(5,'https://bgtech.com.br/erp/assets/img_profile/17361350059406.png','2025-01-06 21:38:58.004','2025-01-06 21:38:58.004'),
(6,'https://bgtech.com.br/erp/assets/img_profile/17361350316159.png','2025-01-06 21:38:58.007','2025-01-06 21:38:58.007'),
(7,'https://bgtech.com.br/erp/assets/img_profile/17361350733658.png','2025-01-06 21:38:58.007','2025-01-06 21:38:58.007'),
(8,'https://bgtech.com.br/erp/assets/img_profile/1736135044809.png','2025-01-06 21:38:58.007','2025-01-06 21:38:58.007'),
(9,'https://bgtech.com.br/erp/assets/img_profile/17361350078424.png','2025-01-06 21:38:58.007','2025-01-06 21:38:58.007'),
(10,'https://bgtech.com.br/erp/assets/img_profile/17361350510004.png','2025-01-06 21:38:58.007','2025-01-06 21:38:58.007'),
(11,'https://bgtech.com.br/erp/assets/img_profile/17361349902918.png','2025-01-06 21:38:58.007','2025-01-06 21:38:58.007'),
(12,'https://bgtech.com.br/erp/assets/img_profile/17361349769998.png','2025-01-06 21:38:58.007','2025-01-06 21:38:58.007'),
(13,'https://bgtech.com.br/erp/assets/img_profile/17361350591807.png','2025-01-06 21:38:58.007','2025-01-06 21:38:58.007'),
(14,'https://bgtech.com.br/erp/assets/img_profile/17361349951433.png','2025-01-06 21:38:58.007','2025-01-06 21:38:58.007'),
(15,'https://bgtech.com.br/erp/assets/img_profile/17361350378771.png','2025-01-06 21:38:58.007','2025-01-06 21:38:58.007'),
(16,'https://bgtech.com.br/erp/assets/img_profile/1736135015121.png','2025-01-06 21:38:58.006','2025-01-06 21:38:58.006'),
(17,'https://bgtech.com.br/erp/assets/img_profile/17361350245732.png','2025-01-06 21:38:58.006','2025-01-06 21:38:58.006'),
(18,'https://bgtech.com.br/erp/assets/img_profile/17361350400126.png','2025-01-06 21:38:58.007','2025-01-06 21:38:58.007'),
(19,'https://bgtech.com.br/erp/assets/img_profile/1736135006862.png','2025-01-06 21:38:58.004','2025-01-06 21:38:58.004'),
(20,'https://bgtech.com.br/erp/assets/img_profile/17361350456317.png','2025-01-06 21:38:58.007','2025-01-06 21:38:58.007'),
(21,'https://bgtech.com.br/erp/assets/img_profile/17361350741999.png','2025-01-06 21:38:58.007','2025-01-06 21:38:58.007'),
(22,'https://bgtech.com.br/erp/assets/img_profile/17361350090331.png','2025-01-06 21:38:58.007','2025-01-06 21:38:58.007'),
(23,'https://bgtech.com.br/erp/assets/img_profile/17361350520784.png','2025-01-06 21:38:58.007','2025-01-06 21:38:58.007'),
(24,'https://bgtech.com.br/erp/assets/img_profile/17361349911559.png','2025-01-06 21:38:58.007','2025-01-06 21:38:58.007'),
(25,'https://bgtech.com.br/erp/assets/img_profile/17361349779131.png','2025-01-06 21:38:58.007','2025-01-06 21:38:58.007'),
(26,'https://bgtech.com.br/erp/assets/img_profile/17361350601117.png','2025-01-06 21:38:58.007','2025-01-06 21:38:58.007'),
(27,NULL,'2025-01-06 21:38:58.007','2025-01-06 21:38:58.007'),
(28,NULL,'2025-01-06 21:38:58.007','2025-01-06 21:38:58.007'),
(29,NULL,'2025-01-06 21:38:58.006','2025-01-06 21:38:58.006'),
(30,NULL,'2025-01-06 21:38:58.006','2025-01-06 21:38:58.006'),
(31,NULL,'2025-01-06 21:38:58.007','2025-01-06 21:38:58.007'),
(32,NULL,'2025-01-06 21:38:58.004','2025-01-06 21:38:58.004'),
(33,NULL,'2025-01-06 21:38:58.007','2025-01-06 21:38:58.007'),
(34,NULL,'2025-01-06 21:38:58.007','2025-01-06 21:38:58.007'),
(35,NULL,'2025-01-06 21:38:58.007','2025-01-06 21:38:58.007'),
(36,NULL,'2025-01-06 21:38:58.007','2025-01-06 21:38:58.007'),
(37,NULL,'2025-01-06 21:38:58.007','2025-01-06 21:38:58.007'),
(38,NULL,'2025-01-06 21:38:58.007','2025-01-06 21:38:58.007'),
(39,NULL,'2025-01-06 21:38:58.007','2025-01-06 21:38:58.007'),
(40,NULL,'2025-01-06 21:38:58.006','2025-01-06 21:38:58.006'),
(41,NULL,'2025-01-06 21:38:58.007','2025-01-06 21:38:58.007'),
(42,NULL,'2025-01-06 21:38:58.007','2025-01-06 21:38:58.007'),
(43,NULL,'2025-01-06 21:38:58.006','2025-01-06 21:38:58.006'),
(44,NULL,'2025-01-06 21:38:58.007','2025-01-06 21:38:58.007'),
(45,NULL,'2025-01-06 21:38:58.004','2025-01-06 21:38:58.004'),
(46,NULL,'2025-01-06 21:38:58.007','2025-01-06 21:38:58.007'),
(47,NULL,'2025-01-06 21:38:58.007','2025-01-06 21:38:58.007'),
(48,NULL,'2025-01-06 21:38:58.007','2025-01-06 21:38:58.007'),
(49,NULL,'2025-01-06 21:38:58.007','2025-01-06 21:38:58.007'),
(50,NULL,'2025-01-06 21:38:58.007','2025-01-06 21:38:58.007'),
(51,NULL,'2025-01-06 21:38:58.007','2025-01-06 21:38:58.007'),
(52,NULL,'2025-01-06 21:38:58.007','2025-01-06 21:38:58.007'),
(53,'https://bgtech.com.br/erp/assets/img_profile/17361349877624.png','2025-01-06 21:38:58.316','2025-01-06 21:38:58.316'),
(54,'https://bgtech.com.br/erp/assets/img_profile/17361350429667.png','2025-01-06 21:38:58.316','2025-01-06 21:38:58.316'),
(55,'https://bgtech.com.br/erp/assets/img_profile/17361350531579.png','2025-01-06 21:38:58.316','2025-01-06 21:38:58.316'),
(56,'https://bgtech.com.br/erp/assets/img_profile/17361350120249.png','2025-01-06 21:38:58.316','2025-01-06 21:38:58.316'),
(57,'https://bgtech.com.br/erp/assets/img_profile/17361349722791.png','2025-01-06 21:38:58.316','2025-01-06 21:38:58.316'),
(58,'https://bgtech.com.br/erp/assets/img_profile/17361349789311.png','2025-01-06 21:38:58.316','2025-01-06 21:38:58.316'),
(59,'https://bgtech.com.br/erp/assets/img_profile/17361350671271.png','2025-01-06 21:38:58.316','2025-01-06 21:38:58.316'),
(60,'https://bgtech.com.br/erp/assets/img_profile/17361350713112.png','2025-01-06 21:38:58.316','2025-01-06 21:38:58.316'),
(61,'https://bgtech.com.br/erp/assets/img_profile/17361350752105.png','2025-01-06 21:38:58.317','2025-01-06 21:38:58.317'),
(62,'https://bgtech.com.br/erp/assets/img_profile/17361350294354.png','2025-01-06 21:38:58.316','2025-01-06 21:38:58.316'),
(63,'https://bgtech.com.br/erp/assets/img_profile/17361350274097.png','2025-01-06 21:38:58.316','2025-01-06 21:38:58.316'),
(64,'https://bgtech.com.br/erp/assets/img_profile/17361349745244.png','2025-01-06 21:38:58.316','2025-01-06 21:38:58.316'),
(65,'https://bgtech.com.br/erp/assets/img_profile/17361350161294.png','2025-01-06 21:38:58.316','2025-01-06 21:38:58.316'),
(66,'https://bgtech.com.br/erp/assets/img_profile/17361350540353.png','2025-01-06 21:38:58.316','2025-01-06 21:38:58.316'),
(67,'https://bgtech.com.br/erp/assets/img_profile/17361350438282.png','2025-01-06 21:38:58.316','2025-01-06 21:38:58.316'),
(68,'https://bgtech.com.br/erp/assets/img_profile/17361350128957.png','2025-01-06 21:38:58.316','2025-01-06 21:38:58.316'),
(69,'https://bgtech.com.br/erp/assets/img_profile/17361349732982.png','2025-01-06 21:38:58.316','2025-01-06 21:38:58.316'),
(70,'https://bgtech.com.br/erp/assets/img_profile/17361349888066.png','2025-01-06 21:38:58.316','2025-01-06 21:38:58.316'),
(71,'https://bgtech.com.br/erp/assets/img_profile/17361350681869.png','2025-01-06 21:38:58.316','2025-01-06 21:38:58.316'),
(72,'https://bgtech.com.br/erp/assets/img_profile/17361349797975.png','2025-01-06 21:38:58.316','2025-01-06 21:38:58.316'),
(73,'https://bgtech.com.br/erp/assets/img_profile/1736135072262.png','2025-01-06 21:38:58.316','2025-01-06 21:38:58.316'),
(74,'https://bgtech.com.br/erp/assets/img_profile/17361350760495.png','2025-01-06 21:38:58.317','2025-01-06 21:38:58.317'),
(75,'https://bgtech.com.br/erp/assets/img_profile/17361350305241.png','2025-01-06 21:38:58.316','2025-01-06 21:38:58.316'),
(76,'https://bgtech.com.br/erp/assets/img_profile/17361350282635.png','2025-01-06 21:38:58.316','2025-01-06 21:38:58.316'),
(77,'https://bgtech.com.br/erp/assets/img_profile/17361349760081.png','2025-01-06 21:38:58.316','2025-01-06 21:38:58.316'),
(78,'https://bgtech.com.br/erp/assets/img_profile/17361350219787.png','2025-01-06 21:38:58.316','2025-01-06 21:38:58.316'),
(79,NULL,'2025-01-06 21:38:58.316','2025-01-06 21:38:58.316'),
(80,NULL,'2025-01-06 21:38:58.316','2025-01-06 21:38:58.316'),
(81,NULL,'2025-01-06 21:38:58.316','2025-01-06 21:38:58.316'),
(82,NULL,'2025-01-06 21:38:58.316','2025-01-06 21:38:58.316'),
(83,NULL,'2025-01-06 21:38:58.316','2025-01-06 21:38:58.316'),
(84,NULL,'2025-01-06 21:38:58.316','2025-01-06 21:38:58.316'),
(85,NULL,'2025-01-06 21:38:58.316','2025-01-06 21:38:58.316'),
(86,NULL,'2025-01-06 21:38:58.316','2025-01-06 21:38:58.316'),
(87,NULL,'2025-01-06 21:38:58.316','2025-01-06 21:38:58.316'),
(88,NULL,'2025-01-06 21:38:58.317','2025-01-06 21:38:58.317'),
(89,NULL,'2025-01-06 21:38:58.316','2025-01-06 21:38:58.316'),
(90,NULL,'2025-01-06 21:38:58.316','2025-01-06 21:38:58.316'),
(91,NULL,'2025-01-06 21:38:58.316','2025-01-06 21:38:58.316'),
(92,NULL,'2025-01-06 21:38:58.316','2025-01-06 21:38:58.316'),
(93,NULL,'2025-01-06 21:38:58.316','2025-01-06 21:38:58.316'),
(94,NULL,'2025-01-06 21:38:58.316','2025-01-06 21:38:58.316'),
(95,NULL,'2025-01-06 21:38:58.316','2025-01-06 21:38:58.316'),
(96,NULL,'2025-01-06 21:38:58.316','2025-01-06 21:38:58.316'),
(97,NULL,'2025-01-06 21:38:58.316','2025-01-06 21:38:58.316'),
(98,NULL,'2025-01-06 21:38:58.316','2025-01-06 21:38:58.316'),
(99,NULL,'2025-01-06 21:38:58.316','2025-01-06 21:38:58.316'),
(100,NULL,'2025-01-06 21:38:58.316','2025-01-06 21:38:58.316'),
(101,NULL,'2025-01-06 21:38:58.317','2025-01-06 21:38:58.317'),
(102,NULL,'2025-01-06 21:38:58.316','2025-01-06 21:38:58.316'),
(103,NULL,'2025-01-06 21:38:58.316','2025-01-06 21:38:58.316'),
(104,NULL,'2025-01-06 21:38:58.316','2025-01-06 21:38:58.316'),
(105,'https://bgtech.com.br/erp/assets/img_profile/17361349841241.png','2025-01-06 21:38:58.602','2025-01-06 21:38:58.602'),
(106,'https://bgtech.com.br/erp/assets/img_profile/17361350410125.png','2025-01-06 21:38:58.603','2025-01-06 21:38:58.603'),
(107,'https://bgtech.com.br/erp/assets/img_profile/17361350489972.png','2025-01-06 21:38:58.603','2025-01-06 21:38:58.603'),
(108,'https://bgtech.com.br/erp/assets/img_profile/17361350692289.png','2025-01-06 21:38:58.603','2025-01-06 21:38:58.603'),
(109,'https://bgtech.com.br/erp/assets/img_profile/17361349859265.png','2025-01-06 21:38:58.604','2025-01-06 21:38:58.604'),
(110,'https://bgtech.com.br/erp/assets/img_profile/17361350549762.png','2025-01-06 21:38:58.604','2025-01-06 21:38:58.604'),
(111,'https://bgtech.com.br/erp/assets/img_profile/17361350468392.png','2025-01-06 21:38:58.603','2025-01-06 21:38:58.603'),
(112,'https://bgtech.com.br/erp/assets/img_profile/17361349813133.png','2025-01-06 21:38:58.603','2025-01-06 21:38:58.603'),
(113,'https://bgtech.com.br/erp/assets/img_profile/17361350100505.png','2025-01-06 21:38:58.603','2025-01-06 21:38:58.603'),
(114,'https://bgtech.com.br/erp/assets/img_profile/17361349922126.png','2025-01-06 21:38:58.603','2025-01-06 21:38:58.603'),
(115,'https://bgtech.com.br/erp/assets/img_profile/17361350651368.png','2025-01-06 21:38:58.604','2025-01-06 21:38:58.604'),
(116,'https://bgtech.com.br/erp/assets/img_profile/17361350255968.png','2025-01-06 21:38:58.604','2025-01-06 21:38:58.604'),
(117,'https://bgtech.com.br/erp/assets/img_profile/17361349998548.png','2025-01-06 21:38:58.603','2025-01-06 21:38:58.603'),
(118,'https://bgtech.com.br/erp/assets/img_profile/1736134985053.png','2025-01-06 21:38:58.602','2025-01-06 21:38:58.602'),
(119,'https://bgtech.com.br/erp/assets/img_profile/17361350498203.png','2025-01-06 21:38:58.603','2025-01-06 21:38:58.603'),
(120,'https://bgtech.com.br/erp/assets/img_profile/17361350419045.png','2025-01-06 21:38:58.603','2025-01-06 21:38:58.603'),
(121,'https://bgtech.com.br/erp/assets/img_profile/17361350701942.png','2025-01-06 21:38:58.603','2025-01-06 21:38:58.603'),
(122,'https://bgtech.com.br/erp/assets/img_profile/17361350558568.png','2025-01-06 21:38:58.604','2025-01-06 21:38:58.604'),
(123,'https://bgtech.com.br/erp/assets/img_profile/17361350477411.png','2025-01-06 21:38:58.603','2025-01-06 21:38:58.603'),
(124,'https://bgtech.com.br/erp/assets/img_profile/17361349825811.png','2025-01-06 21:38:58.603','2025-01-06 21:38:58.603'),
(125,'https://bgtech.com.br/erp/assets/img_profile/17361350108912.png','2025-01-06 21:38:58.603','2025-01-06 21:38:58.603'),
(126,'https://bgtech.com.br/erp/assets/img_profile/17361349932175.png','2025-01-06 21:38:58.603','2025-01-06 21:38:58.603'),
(127,'https://bgtech.com.br/erp/assets/img_profile/17361350661678.png','2025-01-06 21:38:58.604','2025-01-06 21:38:58.604'),
(128,'https://bgtech.com.br/erp/assets/img_profile/17361350264853.png','2025-01-06 21:38:58.604','2025-01-06 21:38:58.604'),
(129,'https://bgtech.com.br/erp/assets/img_profile/17361350010854.png','2025-01-06 21:38:58.603','2025-01-06 21:38:58.603'),
(130,NULL,'2025-01-06 21:38:58.602','2025-01-06 21:38:58.602'),
(131,'https://bgtech.com.br/erp/assets/img_profile/17361349867548.png','2025-01-06 21:38:58.604','2025-01-06 21:38:58.604'),
(132,NULL,'2025-01-06 21:38:58.603','2025-01-06 21:38:58.603'),
(133,NULL,'2025-01-06 21:38:58.604','2025-01-06 21:38:58.604'),
(134,NULL,'2025-01-06 21:38:58.603','2025-01-06 21:38:58.603'),
(135,NULL,'2025-01-06 21:38:58.603','2025-01-06 21:38:58.603'),
(136,NULL,'2025-01-06 21:38:58.603','2025-01-06 21:38:58.603'),
(137,NULL,'2025-01-06 21:38:58.603','2025-01-06 21:38:58.603'),
(138,NULL,'2025-01-06 21:38:58.603','2025-01-06 21:38:58.603'),
(139,NULL,'2025-01-06 21:38:58.603','2025-01-06 21:38:58.603'),
(140,NULL,'2025-01-06 21:38:58.604','2025-01-06 21:38:58.604'),
(141,NULL,'2025-01-06 21:38:58.604','2025-01-06 21:38:58.604'),
(142,NULL,'2025-01-06 21:38:58.603','2025-01-06 21:38:58.603'),
(143,NULL,'2025-01-06 21:38:58.602','2025-01-06 21:38:58.602'),
(144,NULL,'2025-01-06 21:38:58.604','2025-01-06 21:38:58.604'),
(145,NULL,'2025-01-06 21:38:58.604','2025-01-06 21:38:58.604'),
(146,NULL,'2025-01-06 21:38:58.603','2025-01-06 21:38:58.603'),
(147,NULL,'2025-01-06 21:38:58.603','2025-01-06 21:38:58.603'),
(148,NULL,'2025-01-06 21:38:58.603','2025-01-06 21:38:58.603'),
(149,NULL,'2025-01-06 21:38:58.603','2025-01-06 21:38:58.603'),
(150,NULL,'2025-01-06 21:38:58.603','2025-01-06 21:38:58.603'),
(151,NULL,'2025-01-06 21:38:58.603','2025-01-06 21:38:58.603'),
(152,NULL,'2025-01-06 21:38:58.604','2025-01-06 21:38:58.604'),
(153,NULL,'2025-01-06 21:38:58.604','2025-01-06 21:38:58.604'),
(154,NULL,'2025-01-06 21:38:58.603','2025-01-06 21:38:58.603'),
(155,NULL,'2025-01-06 21:38:58.603','2025-01-06 21:38:58.603'),
(156,NULL,'2025-01-06 21:38:58.604','2025-01-06 21:38:58.604'),
(157,'https://bgtech.com.br/erp/assets/img_profile/17361350633295.png','2025-01-06 21:38:58.929','2025-01-06 21:38:58.929'),
(158,'https://bgtech.com.br/erp/assets/img_profile/17361350778127.png','2025-01-06 21:38:58.939','2025-01-06 21:38:58.939'),
(159,'https://bgtech.com.br/erp/assets/img_profile/17361350610817.png','2025-01-06 21:38:58.939','2025-01-06 21:38:58.939'),
(160,'https://bgtech.com.br/erp/assets/img_profile/1736135003143.png','2025-01-06 21:38:58.939','2025-01-06 21:38:58.939'),
(161,'https://bgtech.com.br/erp/assets/img_profile/17361350570827.png','2025-01-06 21:38:58.939','2025-01-06 21:38:58.939'),
(162,'https://bgtech.com.br/erp/assets/img_profile/17361350641751.png','2025-01-06 21:38:58.929','2025-01-06 21:38:58.929'),
(163,'https://bgtech.com.br/erp/assets/img_profile/17361350797644.png','2025-01-06 21:38:58.939','2025-01-06 21:38:58.939'),
(164,NULL,'2025-01-06 21:38:58.929','2025-01-06 21:38:58.929'),
(165,'https://bgtech.com.br/erp/assets/img_profile/17361350040202.png','2025-01-06 21:38:58.939','2025-01-06 21:38:58.939'),
(166,'https://bgtech.com.br/erp/assets/img_profile/17361350581818.png','2025-01-06 21:38:58.939','2025-01-06 21:38:58.939'),
(167,'https://bgtech.com.br/erp/assets/img_profile/17361350622201.png','2025-01-06 21:38:58.939','2025-01-06 21:38:58.939'),
(168,NULL,'2025-01-06 21:38:58.929','2025-01-06 21:38:58.929'),
(169,NULL,'2025-01-06 21:38:58.939','2025-01-06 21:38:58.939'),
(170,NULL,'2025-01-06 21:38:58.939','2025-01-06 21:38:58.939'),
(171,NULL,'2025-01-06 21:38:58.939','2025-01-06 21:38:58.939'),
(172,NULL,'2025-01-06 21:38:58.939','2025-01-06 21:38:58.939'),
(173,NULL,'2025-01-06 21:38:58.939','2025-01-06 21:38:58.939'),
(174,NULL,'2025-01-06 21:38:58.939','2025-01-06 21:38:58.939'),
(175,NULL,'2025-01-06 21:38:58.939','2025-01-06 21:38:58.939'),
(176,NULL,'2025-01-06 21:38:58.939','2025-01-06 21:38:58.939');
/*!40000 ALTER TABLE `imagem` ENABLE KEYS */;
UNLOCK TABLES;

--
-- Table structure for table `owner_partner`
--

DROP TABLE IF EXISTS `owner_partner`;
/*!40101 SET @saved_cs_client     = @@character_set_client */;
/*!40101 SET character_set_client = utf8 */;
CREATE TABLE `owner_partner` (
  `sectorId` int(11) NOT NULL,
  `clientId` int(11) NOT NULL,
  `created_at` datetime(3) NOT NULL DEFAULT current_timestamp(3),
  `update_at` datetime(3) NOT NULL DEFAULT current_timestamp(3),
  PRIMARY KEY (`sectorId`,`clientId`),
  KEY `owner_partner_clientId_fkey` (`clientId`),
  CONSTRAINT `owner_partner_clientId_fkey` FOREIGN KEY (`clientId`) REFERENCES `client` (`id`) ON DELETE CASCADE ON UPDATE CASCADE,
  CONSTRAINT `owner_partner_sectorId_fkey` FOREIGN KEY (`sectorId`) REFERENCES `sector` (`id`) ON DELETE CASCADE ON UPDATE CASCADE
) ENGINE=InnoDB DEFAULT CHARSET=utf8mb4 COLLATE=utf8mb4_unicode_ci;
/*!40101 SET character_set_client = @saved_cs_client */;

--
-- Dumping data for table `owner_partner`
--

LOCK TABLES `owner_partner` WRITE;
/*!40000 ALTER TABLE `owner_partner` DISABLE KEYS */;
INSERT INTO `owner_partner` VALUES
(1,1,'2025-01-06 21:38:58.007','2025-01-06 21:38:58.007'),
(2,12,'2025-01-06 21:38:58.006','2025-01-06 21:38:58.006'),
(3,5,'2025-01-06 21:38:58.006','2025-01-06 21:38:58.006'),
(4,4,'2025-01-06 21:38:58.007','2025-01-06 21:38:58.007'),
(5,3,'2025-01-06 21:38:58.007','2025-01-06 21:38:58.007'),
(6,6,'2025-01-06 21:38:58.004','2025-01-06 21:38:58.004'),
(7,10,'2025-01-06 21:38:58.007','2025-01-06 21:38:58.007'),
(8,8,'2025-01-06 21:38:58.007','2025-01-06 21:38:58.007'),
(9,11,'2025-01-06 21:38:58.007','2025-01-06 21:38:58.007'),
(10,7,'2025-01-06 21:38:58.007','2025-01-06 21:38:58.007'),
(11,9,'2025-01-06 21:38:58.007','2025-01-06 21:38:58.007'),
(12,13,'2025-01-06 21:38:58.007','2025-01-06 21:38:58.007'),
(13,2,'2025-01-06 21:38:58.007','2025-01-06 21:38:58.007'),
(53,15,'2025-01-06 21:38:58.316','2025-01-06 21:38:58.316'),
(54,16,'2025-01-06 21:38:58.316','2025-01-06 21:38:58.316'),
(55,14,'2025-01-06 21:38:58.316','2025-01-06 21:38:58.316'),
(56,17,'2025-01-06 21:38:58.316','2025-01-06 21:38:58.316'),
(57,18,'2025-01-06 21:38:58.316','2025-01-06 21:38:58.316'),
(58,20,'2025-01-06 21:38:58.316','2025-01-06 21:38:58.316'),
(59,19,'2025-01-06 21:38:58.316','2025-01-06 21:38:58.316'),
(60,21,'2025-01-06 21:38:58.316','2025-01-06 21:38:58.316'),
(61,23,'2025-01-06 21:38:58.316','2025-01-06 21:38:58.316'),
(62,22,'2025-01-06 21:38:58.316','2025-01-06 21:38:58.316'),
(63,24,'2025-01-06 21:38:58.316','2025-01-06 21:38:58.316'),
(64,25,'2025-01-06 21:38:58.317','2025-01-06 21:38:58.317'),
(65,26,'2025-01-06 21:38:58.316','2025-01-06 21:38:58.316'),
(105,27,'2025-01-06 21:38:58.602','2025-01-06 21:38:58.602'),
(106,30,'2025-01-06 21:38:58.603','2025-01-06 21:38:58.603'),
(107,29,'2025-01-06 21:38:58.603','2025-01-06 21:38:58.603'),
(108,31,'2025-01-06 21:38:58.603','2025-01-06 21:38:58.603'),
(109,28,'2025-01-06 21:38:58.603','2025-01-06 21:38:58.603'),
(110,32,'2025-01-06 21:38:58.603','2025-01-06 21:38:58.603'),
(111,33,'2025-01-06 21:38:58.603','2025-01-06 21:38:58.603'),
(112,35,'2025-01-06 21:38:58.603','2025-01-06 21:38:58.603'),
(113,34,'2025-01-06 21:38:58.603','2025-01-06 21:38:58.603'),
(114,36,'2025-01-06 21:38:58.604','2025-01-06 21:38:58.604'),
(115,38,'2025-01-06 21:38:58.604','2025-01-06 21:38:58.604'),
(116,37,'2025-01-06 21:38:58.604','2025-01-06 21:38:58.604'),
(117,39,'2025-01-06 21:38:58.604','2025-01-06 21:38:58.604'),
(157,40,'2025-01-06 21:38:58.929','2025-01-06 21:38:58.929'),
(158,43,'2025-01-06 21:38:58.939','2025-01-06 21:38:58.939'),
(159,41,'2025-01-06 21:38:58.939','2025-01-06 21:38:58.939'),
(160,42,'2025-01-06 21:38:58.939','2025-01-06 21:38:58.939'),
(162,44,'2025-01-06 21:38:58.939','2025-01-06 21:38:58.939');
/*!40000 ALTER TABLE `owner_partner` ENABLE KEYS */;
UNLOCK TABLES;

--
-- Table structure for table `owner_partner_image`
--

DROP TABLE IF EXISTS `owner_partner_image`;
/*!40101 SET @saved_cs_client     = @@character_set_client */;
/*!40101 SET character_set_client = utf8 */;
CREATE TABLE `owner_partner_image` (
  `imageId` int(11) NOT NULL,
  `owner_partnerId` int(11) NOT NULL,
  `created_at` datetime(3) NOT NULL DEFAULT current_timestamp(3),
  `update_at` datetime(3) NOT NULL DEFAULT current_timestamp(3),
  PRIMARY KEY (`imageId`,`owner_partnerId`),
  KEY `owner_partner_image_owner_partnerId_fkey` (`owner_partnerId`),
  CONSTRAINT `owner_partner_image_imageId_fkey` FOREIGN KEY (`imageId`) REFERENCES `imagem` (`id`) ON DELETE CASCADE ON UPDATE CASCADE,
  CONSTRAINT `owner_partner_image_owner_partnerId_fkey` FOREIGN KEY (`owner_partnerId`) REFERENCES `sector` (`id`) ON DELETE CASCADE ON UPDATE CASCADE
) ENGINE=InnoDB DEFAULT CHARSET=utf8mb4 COLLATE=utf8mb4_unicode_ci;
/*!40101 SET character_set_client = @saved_cs_client */;

--
-- Dumping data for table `owner_partner_image`
--

LOCK TABLES `owner_partner_image` WRITE;
/*!40000 ALTER TABLE `owner_partner_image` DISABLE KEYS */;
INSERT INTO `owner_partner_image` VALUES
(1,4,'2025-01-06 21:38:58.007','2025-01-06 21:38:58.007'),
(2,3,'2025-01-06 21:38:58.006','2025-01-06 21:38:58.006'),
(3,2,'2025-01-06 21:38:58.006','2025-01-06 21:38:58.006'),
(4,1,'2025-01-06 21:38:58.007','2025-01-06 21:38:58.007'),
(5,6,'2025-01-06 21:38:58.004','2025-01-06 21:38:58.004'),
(6,5,'2025-01-06 21:38:58.007','2025-01-06 21:38:58.007'),
(7,7,'2025-01-06 21:38:58.007','2025-01-06 21:38:58.007'),
(8,8,'2025-01-06 21:38:58.007','2025-01-06 21:38:58.007'),
(9,9,'2025-01-06 21:38:58.007','2025-01-06 21:38:58.007'),
(10,11,'2025-01-06 21:38:58.007','2025-01-06 21:38:58.007'),
(11,10,'2025-01-06 21:38:58.007','2025-01-06 21:38:58.007'),
(12,12,'2025-01-06 21:38:58.007','2025-01-06 21:38:58.007'),
(13,13,'2025-01-06 21:38:58.007','2025-01-06 21:38:58.007'),
(53,54,'2025-01-06 21:38:58.316','2025-01-06 21:38:58.316'),
(54,53,'2025-01-06 21:38:58.316','2025-01-06 21:38:58.316'),
(55,55,'2025-01-06 21:38:58.316','2025-01-06 21:38:58.316'),
(56,56,'2025-01-06 21:38:58.316','2025-01-06 21:38:58.316'),
(57,57,'2025-01-06 21:38:58.316','2025-01-06 21:38:58.316'),
(58,59,'2025-01-06 21:38:58.316','2025-01-06 21:38:58.316'),
(59,58,'2025-01-06 21:38:58.316','2025-01-06 21:38:58.316'),
(60,60,'2025-01-06 21:38:58.316','2025-01-06 21:38:58.316'),
(61,64,'2025-01-06 21:38:58.317','2025-01-06 21:38:58.317'),
(62,61,'2025-01-06 21:38:58.316','2025-01-06 21:38:58.316'),
(63,62,'2025-01-06 21:38:58.316','2025-01-06 21:38:58.316'),
(64,63,'2025-01-06 21:38:58.316','2025-01-06 21:38:58.316'),
(65,65,'2025-01-06 21:38:58.316','2025-01-06 21:38:58.316'),
(105,105,'2025-01-06 21:38:58.602','2025-01-06 21:38:58.602'),
(106,110,'2025-01-06 21:38:58.603','2025-01-06 21:38:58.603'),
(107,106,'2025-01-06 21:38:58.603','2025-01-06 21:38:58.603'),
(108,112,'2025-01-06 21:38:58.603','2025-01-06 21:38:58.603'),
(109,114,'2025-01-06 21:38:58.604','2025-01-06 21:38:58.604'),
(110,115,'2025-01-06 21:38:58.604','2025-01-06 21:38:58.604'),
(111,107,'2025-01-06 21:38:58.603','2025-01-06 21:38:58.603'),
(112,109,'2025-01-06 21:38:58.603','2025-01-06 21:38:58.603'),
(113,108,'2025-01-06 21:38:58.603','2025-01-06 21:38:58.603'),
(114,111,'2025-01-06 21:38:58.603','2025-01-06 21:38:58.603'),
(115,117,'2025-01-06 21:38:58.604','2025-01-06 21:38:58.604'),
(116,116,'2025-01-06 21:38:58.604','2025-01-06 21:38:58.604'),
(117,113,'2025-01-06 21:38:58.603','2025-01-06 21:38:58.603'),
(157,157,'2025-01-06 21:38:58.929','2025-01-06 21:38:58.929'),
(158,162,'2025-01-06 21:38:58.939','2025-01-06 21:38:58.939'),
(159,159,'2025-01-06 21:38:58.939','2025-01-06 21:38:58.939'),
(160,160,'2025-01-06 21:38:58.939','2025-01-06 21:38:58.939'),
(161,158,'2025-01-06 21:38:58.939','2025-01-06 21:38:58.939');
/*!40000 ALTER TABLE `owner_partner_image` ENABLE KEYS */;
UNLOCK TABLES;

--
-- Table structure for table `role`
--

DROP TABLE IF EXISTS `role`;
/*!40101 SET @saved_cs_client     = @@character_set_client */;
/*!40101 SET character_set_client = utf8 */;
CREATE TABLE `role` (
  `id` int(11) NOT NULL AUTO_INCREMENT,
  `role_name` varchar(191) NOT NULL,
  `created_at` datetime(3) NOT NULL DEFAULT current_timestamp(3),
  `update_at` datetime(3) NOT NULL DEFAULT current_timestamp(3),
  PRIMARY KEY (`id`)
) ENGINE=InnoDB DEFAULT CHARSET=utf8mb4 COLLATE=utf8mb4_unicode_ci;
/*!40101 SET character_set_client = @saved_cs_client */;

--
-- Dumping data for table `role`
--

LOCK TABLES `role` WRITE;
/*!40000 ALTER TABLE `role` DISABLE KEYS */;
/*!40000 ALTER TABLE `role` ENABLE KEYS */;
UNLOCK TABLES;

--
-- Table structure for table `roleadm`
--

DROP TABLE IF EXISTS `roleadm`;
/*!40101 SET @saved_cs_client     = @@character_set_client */;
/*!40101 SET character_set_client = utf8 */;
CREATE TABLE `roleadm` (
  `adm_id` int(11) NOT NULL,
  `role_id` int(11) NOT NULL,
  `created_at` datetime(3) NOT NULL DEFAULT current_timestamp(3),
  `update_at` datetime(3) NOT NULL DEFAULT current_timestamp(3),
  PRIMARY KEY (`adm_id`,`role_id`),
  KEY `RoleAdm_role_id_fkey` (`role_id`),
  CONSTRAINT `RoleAdm_adm_id_fkey` FOREIGN KEY (`adm_id`) REFERENCES `adm` (`id`) ON DELETE CASCADE ON UPDATE CASCADE,
  CONSTRAINT `RoleAdm_role_id_fkey` FOREIGN KEY (`role_id`) REFERENCES `role` (`id`) ON DELETE CASCADE ON UPDATE CASCADE
) ENGINE=InnoDB DEFAULT CHARSET=utf8mb4 COLLATE=utf8mb4_unicode_ci;
/*!40101 SET character_set_client = @saved_cs_client */;

--
-- Dumping data for table `roleadm`
--

LOCK TABLES `roleadm` WRITE;
/*!40000 ALTER TABLE `roleadm` DISABLE KEYS */;
/*!40000 ALTER TABLE `roleadm` ENABLE KEYS */;
UNLOCK TABLES;

--
-- Table structure for table `sector`
--

DROP TABLE IF EXISTS `sector`;
/*!40101 SET @saved_cs_client     = @@character_set_client */;
/*!40101 SET character_set_client = utf8 */;
CREATE TABLE `sector` (
  `id` int(11) NOT NULL AUTO_INCREMENT,
  `name` varchar(1000) DEFAULT NULL,
  `email` varchar(1000) DEFAULT NULL,
  `phone` varchar(1000) DEFAULT NULL,
  `cell_phone` varchar(1000) DEFAULT NULL,
  `rg` varchar(191) DEFAULT NULL,
  `cpf` varchar(11) DEFAULT NULL,
  `created_at` datetime(3) NOT NULL DEFAULT current_timestamp(3),
  `update_at` datetime(3) NOT NULL DEFAULT current_timestamp(3),
  PRIMARY KEY (`id`)
) ENGINE=InnoDB AUTO_INCREMENT=177 DEFAULT CHARSET=utf8mb4 COLLATE=utf8mb4_unicode_ci;
/*!40101 SET character_set_client = @saved_cs_client */;

--
-- Dumping data for table `sector`
--

LOCK TABLES `sector` WRITE;
/*!40000 ALTER TABLE `sector` DISABLE KEYS */;
INSERT INTO `sector` VALUES
(1,'Lusia Maia de Paz Sousa',NULL,NULL,NULL,NULL,NULL,'2025-01-06 21:38:58.007','2025-01-06 21:38:58.007'),
(2,'ANDERSON','horticultura_center@hotmail.com','81991992738','81991992738',NULL,NULL,'2025-01-06 21:38:58.006','2025-01-06 21:38:58.006'),
(3,'GABRIEL',NULL,'8132521320','8199655111',NULL,NULL,'2025-01-06 21:38:58.006','2025-01-06 21:38:58.006'),
(4,'ALDERLAN','financeiro@campoouroverde.com.br',NULL,NULL,NULL,NULL,'2025-01-06 21:38:58.007','2025-01-06 21:38:58.007'),
(5,'LUSIA MARIA DA PAZ SOUSA',NULL,NULL,NULL,NULL,NULL,'2025-01-06 21:38:58.007','2025-01-06 21:38:58.007'),
(6,'SR. Leandro','leandro@verdaodistribuidora.com.br - clinerio@hotmail.com','8131270102','8192264622',NULL,NULL,'2025-01-06 21:38:58.004','2025-01-06 21:38:58.004'),
(7,'Ana Paula de Espindola Santos Oliveira','anapaula.espindola22@gmail.com',NULL,NULL,NULL,NULL,'2025-01-06 21:38:58.007','2025-01-06 21:38:58.007'),
(8,'SR. THIEGO',NULL,NULL,NULL,NULL,NULL,'2025-01-06 21:38:58.007','2025-01-06 21:38:58.007'),
(9,'SR. Cícero Barbosa Lima','ciceroitzana@gmail.com','9935256103','9992234503',NULL,NULL,'2025-01-06 21:38:58.007','2025-01-06 21:38:58.007'),
(10,'CLEITON ZAUZA',NULL,'9832568337','9892447477',NULL,NULL,'2025-01-06 21:38:58.007','2025-01-06 21:38:58.007'),
(11,'SR. JAMESON ',' bellahorta5@gmail.com','8194458832',NULL,NULL,NULL,'2025-01-06 21:38:58.007','2025-01-06 21:38:58.007'),
(12,'Adolfo do Rego Alencar Neto','fazendasmariana@gmail.com','8632233025','86994490660',NULL,NULL,'2025-01-06 21:38:58.007','2025-01-06 21:38:58.007'),
(13,'Laianne, Liardson, Lemerson, Levyson','lraraujo22@yahoo.com.br','8534768929',NULL,NULL,NULL,'2025-01-06 21:38:58.007','2025-01-06 21:38:58.007'),
(14,NULL,NULL,NULL,NULL,NULL,NULL,'2025-01-06 21:38:58.007','2025-01-06 21:38:58.007'),
(15,NULL,NULL,NULL,NULL,NULL,NULL,'2025-01-06 21:38:58.006','2025-01-06 21:38:58.006'),
(16,NULL,NULL,NULL,NULL,NULL,NULL,'2025-01-06 21:38:58.006','2025-01-06 21:38:58.006'),
(17,NULL,NULL,NULL,NULL,NULL,NULL,'2025-01-06 21:38:58.007','2025-01-06 21:38:58.007'),
(18,NULL,NULL,NULL,NULL,NULL,NULL,'2025-01-06 21:38:58.007','2025-01-06 21:38:58.007'),
(19,NULL,NULL,NULL,NULL,NULL,NULL,'2025-01-06 21:38:58.004','2025-01-06 21:38:58.004'),
(20,NULL,NULL,NULL,NULL,NULL,NULL,'2025-01-06 21:38:58.007','2025-01-06 21:38:58.007'),
(21,NULL,NULL,NULL,NULL,NULL,NULL,'2025-01-06 21:38:58.007','2025-01-06 21:38:58.007'),
(22,NULL,NULL,NULL,NULL,NULL,NULL,'2025-01-06 21:38:58.007','2025-01-06 21:38:58.007'),
(23,NULL,NULL,NULL,NULL,NULL,NULL,'2025-01-06 21:38:58.007','2025-01-06 21:38:58.007'),
(24,NULL,NULL,NULL,NULL,NULL,NULL,'2025-01-06 21:38:58.007','2025-01-06 21:38:58.007'),
(25,NULL,NULL,NULL,NULL,NULL,NULL,'2025-01-06 21:38:58.007','2025-01-06 21:38:58.007'),
(26,NULL,NULL,NULL,NULL,NULL,NULL,'2025-01-06 21:38:58.007','2025-01-06 21:38:58.007'),
(27,NULL,NULL,NULL,NULL,NULL,NULL,'2025-01-06 21:38:58.006','2025-01-06 21:38:58.006'),
(28,NULL,NULL,NULL,NULL,NULL,NULL,'2025-01-06 21:38:58.006','2025-01-06 21:38:58.006'),
(29,NULL,NULL,NULL,NULL,NULL,NULL,'2025-01-06 21:38:58.007','2025-01-06 21:38:58.007'),
(30,NULL,NULL,NULL,NULL,NULL,NULL,'2025-01-06 21:38:58.007','2025-01-06 21:38:58.007'),
(31,NULL,NULL,NULL,NULL,NULL,NULL,'2025-01-06 21:38:58.007','2025-01-06 21:38:58.007'),
(32,NULL,NULL,NULL,NULL,NULL,NULL,'2025-01-06 21:38:58.004','2025-01-06 21:38:58.004'),
(33,NULL,NULL,NULL,NULL,NULL,NULL,'2025-01-06 21:38:58.007','2025-01-06 21:38:58.007'),
(34,NULL,NULL,NULL,NULL,NULL,NULL,'2025-01-06 21:38:58.007','2025-01-06 21:38:58.007'),
(35,NULL,NULL,NULL,NULL,NULL,NULL,'2025-01-06 21:38:58.007','2025-01-06 21:38:58.007'),
(36,NULL,NULL,NULL,NULL,NULL,NULL,'2025-01-06 21:38:58.007','2025-01-06 21:38:58.007'),
(37,NULL,NULL,NULL,NULL,NULL,NULL,'2025-01-06 21:38:58.007','2025-01-06 21:38:58.007'),
(38,NULL,NULL,NULL,NULL,NULL,NULL,'2025-01-06 21:38:58.007','2025-01-06 21:38:58.007'),
(39,NULL,NULL,NULL,NULL,NULL,NULL,'2025-01-06 21:38:58.007','2025-01-06 21:38:58.007'),
(40,NULL,NULL,NULL,NULL,NULL,NULL,'2025-01-06 21:38:58.006','2025-01-06 21:38:58.006'),
(41,NULL,NULL,NULL,NULL,NULL,NULL,'2025-01-06 21:38:58.006','2025-01-06 21:38:58.006'),
(42,NULL,NULL,NULL,NULL,NULL,NULL,'2025-01-06 21:38:58.007','2025-01-06 21:38:58.007'),
(43,NULL,NULL,NULL,NULL,NULL,NULL,'2025-01-06 21:38:58.007','2025-01-06 21:38:58.007'),
(44,NULL,NULL,NULL,NULL,NULL,NULL,'2025-01-06 21:38:58.007','2025-01-06 21:38:58.007'),
(45,NULL,NULL,NULL,NULL,NULL,NULL,'2025-01-06 21:38:58.004','2025-01-06 21:38:58.004'),
(46,NULL,NULL,NULL,NULL,NULL,NULL,'2025-01-06 21:38:58.007','2025-01-06 21:38:58.007'),
(47,NULL,NULL,NULL,NULL,NULL,NULL,'2025-01-06 21:38:58.007','2025-01-06 21:38:58.007'),
(48,NULL,NULL,NULL,NULL,NULL,NULL,'2025-01-06 21:38:58.007','2025-01-06 21:38:58.007'),
(49,NULL,NULL,NULL,NULL,NULL,NULL,'2025-01-06 21:38:58.007','2025-01-06 21:38:58.007'),
(50,NULL,NULL,NULL,NULL,NULL,NULL,'2025-01-06 21:38:58.007','2025-01-06 21:38:58.007'),
(51,NULL,NULL,NULL,NULL,NULL,NULL,'2025-01-06 21:38:58.007','2025-01-06 21:38:58.007'),
(52,NULL,NULL,NULL,NULL,NULL,NULL,'2025-01-06 21:38:58.007','2025-01-06 21:38:58.007'),
(53,'SR. ADAUTO JÚNIOR',NULL,'75999775139',NULL,NULL,NULL,'2025-01-06 21:38:58.316','2025-01-06 21:38:58.316'),
(54,'BRUNA OLIVEIRA','luana@atlasimportacao.com.br','8835412829','558897103702',NULL,NULL,'2025-01-06 21:38:58.316','2025-01-06 21:38:58.316'),
(55,'SR. DJAILTON CÂNDIDO DE OLIVEIRA','horticampodjailton@hotmail.com',NULL,NULL,NULL,NULL,'2025-01-06 21:38:58.316','2025-01-06 21:38:58.316'),
(56,'LEONARDO','hortifrutisilvaltda@gmail.com','98886392759888845661','98988845661',NULL,NULL,'2025-01-06 21:38:58.316','2025-01-06 21:38:58.316'),
(57,'JUVENILDO (Sr. Nildo)',NULL,NULL,NULL,NULL,NULL,'2025-01-06 21:38:58.316','2025-01-06 21:38:58.316'),
(58,'Sr. Olavo','olavo@brasiforro.com',NULL,NULL,NULL,NULL,'2025-01-06 21:38:58.316','2025-01-06 21:38:58.316'),
(59,'Francisco Romario Oliveira da Silva','paraisoverd@gmail.com',NULL,NULL,NULL,NULL,'2025-01-06 21:38:58.316','2025-01-06 21:38:58.316'),
(60,NULL,NULL,NULL,NULL,NULL,NULL,'2025-01-06 21:38:58.316','2025-01-06 21:38:58.316'),
(61,'Lusia M da Paz Sousa',NULL,NULL,NULL,NULL,NULL,'2025-01-06 21:38:58.316','2025-01-06 21:38:58.316'),
(62,'JIHAD EL AKRA','ocoringao_ahmed@hotmail.com',NULL,NULL,NULL,NULL,'2025-01-06 21:38:58.316','2025-01-06 21:38:58.316'),
(63,'Ighor Xavier','ighorxavier@qualityhortifruti.com.br',NULL,'558181132303',NULL,NULL,'2025-01-06 21:38:58.316','2025-01-06 21:38:58.316'),
(64,'SR. RICARDO','rscomerciovarejista1@hotmail.com','7536247139',NULL,NULL,NULL,'2025-01-06 21:38:58.317','2025-01-06 21:38:58.317'),
(65,NULL,'m.s.contabil@hotmail.com','8532982063',NULL,NULL,NULL,'2025-01-06 21:38:58.316','2025-01-06 21:38:58.316'),
(66,NULL,NULL,NULL,NULL,NULL,NULL,'2025-01-06 21:38:58.316','2025-01-06 21:38:58.316'),
(67,NULL,NULL,NULL,NULL,NULL,NULL,'2025-01-06 21:38:58.316','2025-01-06 21:38:58.316'),
(68,NULL,NULL,NULL,NULL,NULL,NULL,'2025-01-06 21:38:58.316','2025-01-06 21:38:58.316'),
(69,NULL,NULL,NULL,NULL,NULL,NULL,'2025-01-06 21:38:58.316','2025-01-06 21:38:58.316'),
(70,NULL,NULL,NULL,NULL,NULL,NULL,'2025-01-06 21:38:58.316','2025-01-06 21:38:58.316'),
(71,NULL,NULL,NULL,NULL,NULL,NULL,'2025-01-06 21:38:58.316','2025-01-06 21:38:58.316'),
(72,NULL,NULL,NULL,NULL,NULL,NULL,'2025-01-06 21:38:58.316','2025-01-06 21:38:58.316'),
(73,NULL,NULL,NULL,NULL,NULL,NULL,'2025-01-06 21:38:58.316','2025-01-06 21:38:58.316'),
(74,NULL,NULL,NULL,NULL,NULL,NULL,'2025-01-06 21:38:58.316','2025-01-06 21:38:58.316'),
(75,NULL,NULL,NULL,NULL,NULL,NULL,'2025-01-06 21:38:58.316','2025-01-06 21:38:58.316'),
(76,NULL,NULL,NULL,NULL,NULL,NULL,'2025-01-06 21:38:58.316','2025-01-06 21:38:58.316'),
(77,NULL,NULL,NULL,NULL,NULL,NULL,'2025-01-06 21:38:58.317','2025-01-06 21:38:58.317'),
(78,NULL,NULL,NULL,NULL,NULL,NULL,'2025-01-06 21:38:58.316','2025-01-06 21:38:58.316'),
(79,NULL,NULL,NULL,NULL,NULL,NULL,'2025-01-06 21:38:58.316','2025-01-06 21:38:58.316'),
(80,NULL,NULL,NULL,NULL,NULL,NULL,'2025-01-06 21:38:58.316','2025-01-06 21:38:58.316'),
(81,NULL,NULL,NULL,NULL,NULL,NULL,'2025-01-06 21:38:58.316','2025-01-06 21:38:58.316'),
(82,NULL,NULL,NULL,NULL,NULL,NULL,'2025-01-06 21:38:58.316','2025-01-06 21:38:58.316'),
(83,NULL,NULL,NULL,NULL,NULL,NULL,'2025-01-06 21:38:58.316','2025-01-06 21:38:58.316'),
(84,NULL,NULL,NULL,NULL,NULL,NULL,'2025-01-06 21:38:58.316','2025-01-06 21:38:58.316'),
(85,NULL,NULL,NULL,NULL,NULL,NULL,'2025-01-06 21:38:58.316','2025-01-06 21:38:58.316'),
(86,NULL,NULL,NULL,NULL,NULL,NULL,'2025-01-06 21:38:58.316','2025-01-06 21:38:58.316'),
(87,NULL,NULL,NULL,NULL,NULL,NULL,'2025-01-06 21:38:58.316','2025-01-06 21:38:58.316'),
(88,NULL,NULL,NULL,NULL,NULL,NULL,'2025-01-06 21:38:58.316','2025-01-06 21:38:58.316'),
(89,NULL,NULL,NULL,NULL,NULL,NULL,'2025-01-06 21:38:58.317','2025-01-06 21:38:58.317'),
(90,NULL,NULL,NULL,NULL,NULL,NULL,'2025-01-06 21:38:58.316','2025-01-06 21:38:58.316'),
(91,NULL,NULL,NULL,NULL,NULL,NULL,'2025-01-06 21:38:58.316','2025-01-06 21:38:58.316'),
(92,NULL,NULL,NULL,NULL,NULL,NULL,'2025-01-06 21:38:58.316','2025-01-06 21:38:58.316'),
(93,NULL,NULL,NULL,NULL,NULL,NULL,'2025-01-06 21:38:58.316','2025-01-06 21:38:58.316'),
(94,NULL,NULL,NULL,NULL,NULL,NULL,'2025-01-06 21:38:58.316','2025-01-06 21:38:58.316'),
(95,NULL,NULL,NULL,NULL,NULL,NULL,'2025-01-06 21:38:58.316','2025-01-06 21:38:58.316'),
(96,NULL,NULL,NULL,NULL,NULL,NULL,'2025-01-06 21:38:58.316','2025-01-06 21:38:58.316'),
(97,NULL,NULL,NULL,NULL,NULL,NULL,'2025-01-06 21:38:58.316','2025-01-06 21:38:58.316'),
(98,NULL,NULL,NULL,NULL,NULL,NULL,'2025-01-06 21:38:58.316','2025-01-06 21:38:58.316'),
(99,NULL,NULL,NULL,NULL,NULL,NULL,'2025-01-06 21:38:58.316','2025-01-06 21:38:58.316'),
(100,NULL,NULL,NULL,NULL,NULL,NULL,'2025-01-06 21:38:58.316','2025-01-06 21:38:58.316'),
(101,NULL,NULL,NULL,NULL,NULL,NULL,'2025-01-06 21:38:58.316','2025-01-06 21:38:58.316'),
(102,NULL,NULL,NULL,NULL,NULL,NULL,'2025-01-06 21:38:58.317','2025-01-06 21:38:58.317'),
(103,NULL,NULL,NULL,NULL,NULL,NULL,'2025-01-06 21:38:58.316','2025-01-06 21:38:58.316'),
(104,NULL,NULL,NULL,NULL,NULL,NULL,'2025-01-06 21:38:58.316','2025-01-06 21:38:58.316'),
(105,NULL,'CONTABIL@GRUPORICCOALIMENTOS.COM.BR',NULL,'5598988189760',NULL,NULL,'2025-01-06 21:38:58.602','2025-01-06 21:38:58.602'),
(106,'SR. GENIVAL ARGEMIRO DA SILVA',NULL,NULL,NULL,NULL,NULL,'2025-01-06 21:38:58.603','2025-01-06 21:38:58.603'),
(107,'SR. SILVIO MADEIRA','silvio_pereira1975@hotmail.com',NULL,NULL,NULL,NULL,'2025-01-06 21:38:58.603','2025-01-06 21:38:58.603'),
(108,'RAISSA AYRES',NULL,NULL,'9891099192',NULL,NULL,'2025-01-06 21:38:58.603','2025-01-06 21:38:58.603'),
(109,'Evaldo Costa','evaldomcosta@hotmail.com','8391850047','83991649673',NULL,NULL,'2025-01-06 21:38:58.603','2025-01-06 21:38:58.603'),
(110,'SR. EDEILSON SOUZA',NULL,NULL,NULL,NULL,NULL,'2025-01-06 21:38:58.603','2025-01-06 21:38:58.603'),
(111,NULL,'ewerton.malagutti@mambo.com.br','11393399101138315700',NULL,NULL,NULL,'2025-01-06 21:38:58.603','2025-01-06 21:38:58.603'),
(112,'SRA. MAYANNE COSTA','Financeirosupernsf@hotmail.com','85346358008532363752',NULL,NULL,NULL,'2025-01-06 21:38:58.603','2025-01-06 21:38:58.603'),
(113,'Fagno Souza e Rosângela(Assist Pereciveis)','goianacontabilidade@gmail.com','9532247990',NULL,NULL,NULL,'2025-01-06 21:38:58.603','2025-01-06 21:38:58.603'),
(114,NULL,NULL,'8436152601',NULL,NULL,NULL,'2025-01-06 21:38:58.604','2025-01-06 21:38:58.604'),
(115,'FLAVIO NASCIMENTO DA ROCHA (DONO)','sitiobelohorizonteflv@gmail.com','9230301203',NULL,NULL,NULL,'2025-01-06 21:38:58.604','2025-01-06 21:38:58.604'),
(116,'FÁBIO (Sócio)','mercadinhosevero@hotmail.com','8835541021',NULL,NULL,NULL,'2025-01-06 21:38:58.604','2025-01-06 21:38:58.604'),
(117,NULL,NULL,NULL,NULL,NULL,NULL,'2025-01-06 21:38:58.604','2025-01-06 21:38:58.604'),
(118,NULL,NULL,NULL,NULL,NULL,NULL,'2025-01-06 21:38:58.602','2025-01-06 21:38:58.602'),
(119,NULL,NULL,NULL,NULL,NULL,NULL,'2025-01-06 21:38:58.603','2025-01-06 21:38:58.603'),
(120,NULL,NULL,NULL,NULL,NULL,NULL,'2025-01-06 21:38:58.603','2025-01-06 21:38:58.603'),
(121,NULL,NULL,NULL,NULL,NULL,NULL,'2025-01-06 21:38:58.603','2025-01-06 21:38:58.603'),
(122,NULL,NULL,NULL,NULL,NULL,NULL,'2025-01-06 21:38:58.603','2025-01-06 21:38:58.603'),
(123,NULL,NULL,NULL,NULL,NULL,NULL,'2025-01-06 21:38:58.603','2025-01-06 21:38:58.603'),
(124,NULL,NULL,NULL,NULL,NULL,NULL,'2025-01-06 21:38:58.603','2025-01-06 21:38:58.603'),
(125,NULL,NULL,NULL,NULL,NULL,NULL,'2025-01-06 21:38:58.603','2025-01-06 21:38:58.603'),
(126,NULL,NULL,NULL,NULL,NULL,NULL,'2025-01-06 21:38:58.603','2025-01-06 21:38:58.603'),
(127,NULL,NULL,NULL,NULL,NULL,NULL,'2025-01-06 21:38:58.604','2025-01-06 21:38:58.604'),
(128,NULL,NULL,NULL,NULL,NULL,NULL,'2025-01-06 21:38:58.604','2025-01-06 21:38:58.604'),
(129,NULL,NULL,NULL,NULL,NULL,NULL,'2025-01-06 21:38:58.604','2025-01-06 21:38:58.604'),
(130,NULL,NULL,NULL,NULL,NULL,NULL,'2025-01-06 21:38:58.604','2025-01-06 21:38:58.604'),
(131,NULL,NULL,NULL,NULL,NULL,NULL,'2025-01-06 21:38:58.602','2025-01-06 21:38:58.602'),
(132,NULL,NULL,NULL,NULL,NULL,NULL,'2025-01-06 21:38:58.603','2025-01-06 21:38:58.603'),
(133,NULL,NULL,NULL,NULL,NULL,NULL,'2025-01-06 21:38:58.603','2025-01-06 21:38:58.603'),
(134,NULL,NULL,NULL,NULL,NULL,NULL,'2025-01-06 21:38:58.603','2025-01-06 21:38:58.603'),
(135,NULL,NULL,NULL,NULL,NULL,NULL,'2025-01-06 21:38:58.603','2025-01-06 21:38:58.603'),
(136,NULL,NULL,NULL,NULL,NULL,NULL,'2025-01-06 21:38:58.603','2025-01-06 21:38:58.603'),
(137,NULL,NULL,NULL,NULL,NULL,NULL,'2025-01-06 21:38:58.603','2025-01-06 21:38:58.603'),
(138,NULL,NULL,NULL,NULL,NULL,NULL,'2025-01-06 21:38:58.603','2025-01-06 21:38:58.603'),
(139,NULL,NULL,NULL,NULL,NULL,NULL,'2025-01-06 21:38:58.603','2025-01-06 21:38:58.603'),
(140,NULL,NULL,NULL,NULL,NULL,NULL,'2025-01-06 21:38:58.604','2025-01-06 21:38:58.604'),
(141,NULL,NULL,NULL,NULL,NULL,NULL,'2025-01-06 21:38:58.604','2025-01-06 21:38:58.604'),
(142,NULL,NULL,NULL,NULL,NULL,NULL,'2025-01-06 21:38:58.604','2025-01-06 21:38:58.604'),
(143,NULL,NULL,NULL,NULL,NULL,NULL,'2025-01-06 21:38:58.604','2025-01-06 21:38:58.604'),
(144,NULL,NULL,NULL,NULL,NULL,NULL,'2025-01-06 21:38:58.602','2025-01-06 21:38:58.602'),
(145,NULL,NULL,NULL,NULL,NULL,NULL,'2025-01-06 21:38:58.603','2025-01-06 21:38:58.603'),
(146,NULL,NULL,NULL,NULL,NULL,NULL,'2025-01-06 21:38:58.603','2025-01-06 21:38:58.603'),
(147,NULL,NULL,NULL,NULL,NULL,NULL,'2025-01-06 21:38:58.603','2025-01-06 21:38:58.603'),
(148,NULL,NULL,NULL,NULL,NULL,NULL,'2025-01-06 21:38:58.603','2025-01-06 21:38:58.603'),
(149,NULL,NULL,NULL,NULL,NULL,NULL,'2025-01-06 21:38:58.603','2025-01-06 21:38:58.603'),
(150,NULL,NULL,NULL,NULL,NULL,NULL,'2025-01-06 21:38:58.603','2025-01-06 21:38:58.603'),
(151,NULL,NULL,NULL,NULL,NULL,NULL,'2025-01-06 21:38:58.603','2025-01-06 21:38:58.603'),
(152,NULL,NULL,NULL,NULL,NULL,NULL,'2025-01-06 21:38:58.604','2025-01-06 21:38:58.604'),
(153,NULL,NULL,NULL,NULL,NULL,NULL,'2025-01-06 21:38:58.604','2025-01-06 21:38:58.604'),
(154,NULL,NULL,NULL,NULL,NULL,NULL,'2025-01-06 21:38:58.603','2025-01-06 21:38:58.603'),
(155,NULL,NULL,NULL,NULL,NULL,NULL,'2025-01-06 21:38:58.604','2025-01-06 21:38:58.604'),
(156,NULL,NULL,NULL,NULL,NULL,NULL,'2025-01-06 21:38:58.604','2025-01-06 21:38:58.604'),
(157,'Sr. Kaio Reis',NULL,NULL,NULL,NULL,NULL,'2025-01-06 21:38:58.929','2025-01-06 21:38:58.929'),
(158,'ANDERSON CARDOSO DO NASCIMENTO','hortas.anderson@gmail.com','9137215839',NULL,NULL,NULL,'2025-01-06 21:38:58.939','2025-01-06 21:38:58.939'),
(159,'SR. BETO SENA',NULL,NULL,NULL,NULL,NULL,'2025-01-06 21:38:58.939','2025-01-06 21:38:58.939'),
(160,'SR. Leandro','leandro@verdaodistribuidora.com.br - clinerio@hotmail.com','8135230730','8192264622',NULL,NULL,'2025-01-06 21:38:58.939','2025-01-06 21:38:58.939'),
(161,NULL,NULL,NULL,NULL,NULL,NULL,'2025-01-06 21:38:58.929','2025-01-06 21:38:58.929'),
(162,'DANIEL GALVÃO','Hortfolhas@gmail.com',NULL,NULL,NULL,NULL,'2025-01-06 21:38:58.939','2025-01-06 21:38:58.939'),
(163,NULL,NULL,NULL,NULL,NULL,NULL,'2025-01-06 21:38:58.939','2025-01-06 21:38:58.939'),
(164,NULL,NULL,NULL,NULL,NULL,NULL,'2025-01-06 21:38:58.939','2025-01-06 21:38:58.939'),
(165,NULL,NULL,NULL,NULL,NULL,NULL,'2025-01-06 21:38:58.939','2025-01-06 21:38:58.939'),
(166,NULL,NULL,NULL,NULL,NULL,NULL,'2025-01-06 21:38:58.939','2025-01-06 21:38:58.939'),
(167,NULL,NULL,NULL,NULL,NULL,NULL,'2025-01-06 21:38:58.929','2025-01-06 21:38:58.929'),
(168,NULL,NULL,NULL,NULL,NULL,NULL,'2025-01-06 21:38:58.939','2025-01-06 21:38:58.939'),
(169,NULL,NULL,NULL,NULL,NULL,NULL,'2025-01-06 21:38:58.939','2025-01-06 21:38:58.939'),
(170,NULL,NULL,NULL,NULL,NULL,NULL,'2025-01-06 21:38:58.939','2025-01-06 21:38:58.939'),
(171,NULL,NULL,NULL,NULL,NULL,NULL,'2025-01-06 21:38:58.939','2025-01-06 21:38:58.939'),
(172,NULL,NULL,NULL,NULL,NULL,NULL,'2025-01-06 21:38:58.929','2025-01-06 21:38:58.929'),
(173,NULL,NULL,NULL,NULL,NULL,NULL,'2025-01-06 21:38:58.939','2025-01-06 21:38:58.939'),
(174,NULL,NULL,NULL,NULL,NULL,NULL,'2025-01-06 21:38:58.939','2025-01-06 21:38:58.939'),
(175,NULL,NULL,NULL,NULL,NULL,NULL,'2025-01-06 21:38:58.939','2025-01-06 21:38:58.939'),
(176,NULL,NULL,NULL,NULL,NULL,NULL,'2025-01-06 21:38:58.939','2025-01-06 21:38:58.939');
/*!40000 ALTER TABLE `sector` ENABLE KEYS */;
UNLOCK TABLES;

--
-- Table structure for table `supplier_pf`
--

DROP TABLE IF EXISTS `supplier_pf`;
/*!40101 SET @saved_cs_client     = @@character_set_client */;
/*!40101 SET character_set_client = utf8 */;
CREATE TABLE `supplier_pf` (
  `id` int(11) NOT NULL AUTO_INCREMENT,
  `supplier_name` varchar(255) NOT NULL,
  `supplier_code` varchar(255) NOT NULL,
  `email` varchar(150) NOT NULL,
  `phone` varchar(200) NOT NULL,
  `rg` varchar(15) NOT NULL,
  `cpf` varchar(11) NOT NULL,
  `birth_date` datetime(3) DEFAULT NULL,
  `created_at` datetime(3) NOT NULL DEFAULT current_timestamp(3),
  `update_at` datetime(3) NOT NULL DEFAULT current_timestamp(3),
  PRIMARY KEY (`id`),
  UNIQUE KEY `Supplier_pf_cpf_key` (`cpf`)
) ENGINE=InnoDB DEFAULT CHARSET=utf8mb4 COLLATE=utf8mb4_unicode_ci;
/*!40101 SET character_set_client = @saved_cs_client */;

--
-- Dumping data for table `supplier_pf`
--

LOCK TABLES `supplier_pf` WRITE;
/*!40000 ALTER TABLE `supplier_pf` DISABLE KEYS */;
/*!40000 ALTER TABLE `supplier_pf` ENABLE KEYS */;
UNLOCK TABLES;

--
-- Table structure for table `supplier_pf_address`
--

DROP TABLE IF EXISTS `supplier_pf_address`;
/*!40101 SET @saved_cs_client     = @@character_set_client */;
/*!40101 SET character_set_client = utf8 */;
CREATE TABLE `supplier_pf_address` (
  `id` int(11) NOT NULL AUTO_INCREMENT,
  `id_supplier_pf` int(11) NOT NULL,
  `id_address` int(11) NOT NULL,
  `created_at` datetime(3) NOT NULL DEFAULT current_timestamp(3),
  `update_at` datetime(3) NOT NULL DEFAULT current_timestamp(3),
  PRIMARY KEY (`id`),
  KEY `Supplier_pf_Address_id_supplier_pf_fkey` (`id_supplier_pf`),
  KEY `Supplier_pf_Address_id_address_fkey` (`id_address`),
  CONSTRAINT `Supplier_pf_Address_id_address_fkey` FOREIGN KEY (`id_address`) REFERENCES `address` (`id`) ON DELETE CASCADE ON UPDATE CASCADE,
  CONSTRAINT `Supplier_pf_Address_id_supplier_pf_fkey` FOREIGN KEY (`id_supplier_pf`) REFERENCES `supplier_pf` (`id`) ON DELETE CASCADE ON UPDATE CASCADE
) ENGINE=InnoDB DEFAULT CHARSET=utf8mb4 COLLATE=utf8mb4_unicode_ci;
/*!40101 SET character_set_client = @saved_cs_client */;

--
-- Dumping data for table `supplier_pf_address`
--

LOCK TABLES `supplier_pf_address` WRITE;
/*!40000 ALTER TABLE `supplier_pf_address` DISABLE KEYS */;
/*!40000 ALTER TABLE `supplier_pf_address` ENABLE KEYS */;
UNLOCK TABLES;

--
-- Table structure for table `supplier_pf_image`
--

DROP TABLE IF EXISTS `supplier_pf_image`;
/*!40101 SET @saved_cs_client     = @@character_set_client */;
/*!40101 SET character_set_client = utf8 */;
CREATE TABLE `supplier_pf_image` (
  `id_supplier_pf` int(11) NOT NULL,
  `id_image` int(11) NOT NULL,
  `created_at` datetime(3) NOT NULL DEFAULT current_timestamp(3),
  `update_at` datetime(3) NOT NULL DEFAULT current_timestamp(3),
  PRIMARY KEY (`id_image`,`id_supplier_pf`),
  KEY `Supplier_pf_Image_id_supplier_pf_fkey` (`id_supplier_pf`),
  CONSTRAINT `Supplier_pf_Image_id_image_fkey` FOREIGN KEY (`id_image`) REFERENCES `imagem` (`id`) ON DELETE CASCADE ON UPDATE CASCADE,
  CONSTRAINT `Supplier_pf_Image_id_supplier_pf_fkey` FOREIGN KEY (`id_supplier_pf`) REFERENCES `supplier_pf` (`id`) ON DELETE CASCADE ON UPDATE CASCADE
) ENGINE=InnoDB DEFAULT CHARSET=utf8mb4 COLLATE=utf8mb4_unicode_ci;
/*!40101 SET character_set_client = @saved_cs_client */;

--
-- Dumping data for table `supplier_pf_image`
--

LOCK TABLES `supplier_pf_image` WRITE;
/*!40000 ALTER TABLE `supplier_pf_image` DISABLE KEYS */;
/*!40000 ALTER TABLE `supplier_pf_image` ENABLE KEYS */;
UNLOCK TABLES;

--
-- Table structure for table `supplier_pj`
--

DROP TABLE IF EXISTS `supplier_pj`;
/*!40101 SET @saved_cs_client     = @@character_set_client */;
/*!40101 SET character_set_client = utf8 */;
CREATE TABLE `supplier_pj` (
  `id` int(11) NOT NULL AUTO_INCREMENT,
  `id_imagem` int(11) NOT NULL,
  `corporate_reason` varchar(191) NOT NULL,
  `email` varchar(191) DEFAULT NULL,
  `phone` varchar(191) DEFAULT NULL,
  `fantasy_name` varchar(191) DEFAULT NULL,
  `cnpj` varchar(14) NOT NULL,
  `answerable` varchar(191) DEFAULT NULL,
  `state_registration` varchar(191) DEFAULT NULL,
  `type_contribuition` varchar(191) DEFAULT NULL,
  `municipal_registration` varchar(191) DEFAULT NULL,
  `suframa_registration` varchar(191) DEFAULT NULL,
  `status` tinyint(1) NOT NULL DEFAULT 1,
  `created_at` datetime(3) NOT NULL DEFAULT current_timestamp(3),
  `update_at` datetime(3) NOT NULL DEFAULT current_timestamp(3),
  PRIMARY KEY (`id`),
  UNIQUE KEY `Supplier_pj_cnpj_key` (`cnpj`),
  KEY `Supplier_pj_id_imagem_fkey` (`id_imagem`),
  CONSTRAINT `Supplier_pj_id_imagem_fkey` FOREIGN KEY (`id_imagem`) REFERENCES `imagem` (`id`) ON DELETE CASCADE ON UPDATE CASCADE
) ENGINE=InnoDB DEFAULT CHARSET=utf8mb4 COLLATE=utf8mb4_unicode_ci;
/*!40101 SET character_set_client = @saved_cs_client */;

--
-- Dumping data for table `supplier_pj`
--

LOCK TABLES `supplier_pj` WRITE;
/*!40000 ALTER TABLE `supplier_pj` DISABLE KEYS */;
/*!40000 ALTER TABLE `supplier_pj` ENABLE KEYS */;
UNLOCK TABLES;

--
-- Table structure for table `supplier_pj_address`
--

DROP TABLE IF EXISTS `supplier_pj_address`;
/*!40101 SET @saved_cs_client     = @@character_set_client */;
/*!40101 SET character_set_client = utf8 */;
CREATE TABLE `supplier_pj_address` (
  `id_address` int(11) NOT NULL,
  `id_supplier` int(11) NOT NULL,
  PRIMARY KEY (`id_address`,`id_supplier`),
  KEY `Supplier_pj_address_id_supplier_fkey` (`id_supplier`),
  CONSTRAINT `Supplier_pj_address_id_address_fkey` FOREIGN KEY (`id_address`) REFERENCES `address` (`id`) ON DELETE CASCADE ON UPDATE CASCADE,
  CONSTRAINT `Supplier_pj_address_id_supplier_fkey` FOREIGN KEY (`id_supplier`) REFERENCES `supplier_pj` (`id`) ON DELETE CASCADE ON UPDATE CASCADE
) ENGINE=InnoDB DEFAULT CHARSET=utf8mb4 COLLATE=utf8mb4_unicode_ci;
/*!40101 SET character_set_client = @saved_cs_client */;

--
-- Dumping data for table `supplier_pj_address`
--

LOCK TABLES `supplier_pj_address` WRITE;
/*!40000 ALTER TABLE `supplier_pj_address` DISABLE KEYS */;
/*!40000 ALTER TABLE `supplier_pj_address` ENABLE KEYS */;
UNLOCK TABLES;
/*!40103 SET TIME_ZONE=@OLD_TIME_ZONE */;

/*!40101 SET SQL_MODE=@OLD_SQL_MODE */;
/*!40014 SET FOREIGN_KEY_CHECKS=@OLD_FOREIGN_KEY_CHECKS */;
/*!40014 SET UNIQUE_CHECKS=@OLD_UNIQUE_CHECKS */;
/*!40101 SET CHARACTER_SET_CLIENT=@OLD_CHARACTER_SET_CLIENT */;
/*!40101 SET CHARACTER_SET_RESULTS=@OLD_CHARACTER_SET_RESULTS */;
/*!40101 SET COLLATION_CONNECTION=@OLD_COLLATION_CONNECTION */;
/*M!100616 SET NOTE_VERBOSITY=@OLD_NOTE_VERBOSITY */;

-- Dump completed on 2025-01-06 18:50:18
