/*M!999999\- enable the sandbox mode */ 
-- MariaDB dump 10.19-11.6.2-MariaDB, for Win64 (AMD64)
--
-- Host: localhost    Database: erp
-- ------------------------------------------------------
-- Server version	11.6.2-MariaDB

/*!40101 SET @OLD_CHARACTER_SET_CLIENT=@@CHARACTER_SET_CLIENT */;
/*!40101 SET @OLD_CHARACTER_SET_RESULTS=@@CHARACTER_SET_RESULTS */;
/*!40101 SET @OLD_COLLATION_CONNECTION=@@COLLATION_CONNECTION */;
/*!40101 SET NAMES utf8mb4 */;
/*!40103 SET @OLD_TIME_ZONE=@@TIME_ZONE */;
/*!40103 SET TIME_ZONE='+00:00' */;
/*!40014 SET @OLD_UNIQUE_CHECKS=@@UNIQUE_CHECKS, UNIQUE_CHECKS=0 */;
/*!40014 SET @OLD_FOREIGN_KEY_CHECKS=@@FOREIGN_KEY_CHECKS, FOREIGN_KEY_CHECKS=0 */;
/*!40101 SET @OLD_SQL_MODE=@@SQL_MODE, SQL_MODE='NO_AUTO_VALUE_ON_ZERO' */;
/*M!100616 SET @OLD_NOTE_VERBOSITY=@@NOTE_VERBOSITY, NOTE_VERBOSITY=0 */;

--
-- Table structure for table `_prisma_migrations`
--

DROP TABLE IF EXISTS `_prisma_migrations`;
/*!40101 SET @saved_cs_client     = @@character_set_client */;
/*!40101 SET character_set_client = utf8 */;
CREATE TABLE `_prisma_migrations` (
  `id` varchar(36) NOT NULL,
  `checksum` varchar(64) NOT NULL,
  `finished_at` datetime(3) DEFAULT NULL,
  `migration_name` varchar(255) NOT NULL,
  `logs` text DEFAULT NULL,
  `rolled_back_at` datetime(3) DEFAULT NULL,
  `started_at` datetime(3) NOT NULL DEFAULT current_timestamp(3),
  `applied_steps_count` int(10) unsigned NOT NULL DEFAULT 0,
  PRIMARY KEY (`id`)
) ENGINE=InnoDB DEFAULT CHARSET=utf8mb4 COLLATE=utf8mb4_unicode_ci;
/*!40101 SET character_set_client = @saved_cs_client */;

--
-- Dumping data for table `_prisma_migrations`
--

LOCK TABLES `_prisma_migrations` WRITE;
/*!40000 ALTER TABLE `_prisma_migrations` DISABLE KEYS */;
INSERT INTO `_prisma_migrations` VALUES
('1bc00072-a82f-4a9c-b359-b483cc0adc4d','992585df8eac7eb6c0093e39be6f953f66709a125b76934e92b66bf31841d6ef','2025-01-07 19:39:07.295','20250107154859_remover_ttt',NULL,NULL,'2025-01-07 19:39:06.161',1),
('49d9c8bf-86b6-4715-8452-bb94efb54659','4e2a99b7ba8a533e0ed19a2efe99e1d5e56ff8e3fb3b079ba2b8b495d9fda490','2025-01-29 18:54:32.300','20250127160632_init',NULL,NULL,'2025-01-29 18:54:31.390',1),
('975310ab-9c32-4aca-b763-e3dacd711624','7c14acc553dc412d6956bea9b06ab01e68704b419e01e6ae7acb31414e68bb21','2025-01-07 19:39:07.334','20250107180127_add_status_column',NULL,NULL,'2025-01-07 19:39:07.314',1),
('a86cd857-c47c-4627-9840-14b2fa74182e','e9292b19c4403a232261eac79ffdb953378665a4f8793d76c598d15a2b37890c','2025-01-07 19:39:06.159','20250107153235_remover_test',NULL,NULL,'2025-01-07 19:39:06.145',1),
('b8c0efa4-b1af-4143-ae89-4cd213f0177a','a615483dca5e89fbd4b1abad063d0a7f2c6efe21249a1df8574002442de6ccbd','2025-01-07 19:39:06.144','20250107153114_test_migrate',NULL,NULL,'2025-01-07 19:39:06.122',1),
('f25695b3-709c-4b52-b1f1-6fe439d08f84','82508f8445a44e9fb2d19886cb2ad2f08c30b1bd28b417a193116ed8e56d4b4c','2025-01-07 19:39:07.312','20250107155016_add_ola',NULL,NULL,'2025-01-07 19:39:07.297',1);
/*!40000 ALTER TABLE `_prisma_migrations` ENABLE KEYS */;
UNLOCK TABLES;

--
-- Table structure for table `accounting_contact`
--

DROP TABLE IF EXISTS `accounting_contact`;
/*!40101 SET @saved_cs_client     = @@character_set_client */;
/*!40101 SET character_set_client = utf8 */;
CREATE TABLE `accounting_contact` (
  `sectorId` int(11) NOT NULL,
  `clientId` int(11) NOT NULL,
  `created_at` datetime(3) NOT NULL DEFAULT current_timestamp(3),
  `update_at` datetime(3) NOT NULL DEFAULT current_timestamp(3),
  PRIMARY KEY (`sectorId`,`clientId`),
  KEY `accounting_contact_clientId_fkey` (`clientId`),
  CONSTRAINT `accounting_contact_clientId_fkey` FOREIGN KEY (`clientId`) REFERENCES `client` (`id`) ON DELETE CASCADE ON UPDATE CASCADE,
  CONSTRAINT `accounting_contact_sectorId_fkey` FOREIGN KEY (`sectorId`) REFERENCES `sector` (`id`) ON DELETE CASCADE ON UPDATE CASCADE
) ENGINE=InnoDB DEFAULT CHARSET=utf8mb4 COLLATE=utf8mb4_unicode_ci;
/*!40101 SET character_set_client = @saved_cs_client */;

--
-- Dumping data for table `accounting_contact`
--

LOCK TABLES `accounting_contact` WRITE;
/*!40000 ALTER TABLE `accounting_contact` DISABLE KEYS */;
INSERT INTO `accounting_contact` VALUES
(40,12,'2025-01-29 18:56:30.709','2025-01-29 18:56:30.709'),
(41,4,'2025-01-29 18:56:30.709','2025-01-29 18:56:30.709'),
(42,8,'2025-01-29 18:56:30.712','2025-01-29 18:56:30.712'),
(43,10,'2025-01-29 18:56:30.707','2025-01-29 18:56:30.707'),
(44,3,'2025-01-29 18:56:30.712','2025-01-29 18:56:30.712'),
(45,2,'2025-01-29 18:56:30.712','2025-01-29 18:56:30.712'),
(46,7,'2025-01-29 18:56:30.710','2025-01-29 18:56:30.710'),
(47,13,'2025-01-29 18:56:30.710','2025-01-29 18:56:30.710'),
(48,11,'2025-01-29 18:56:30.707','2025-01-29 18:56:30.707'),
(49,5,'2025-01-29 18:56:30.708','2025-01-29 18:56:30.708'),
(50,1,'2025-01-29 18:56:30.710','2025-01-29 18:56:30.710'),
(51,6,'2025-01-29 18:56:30.713','2025-01-29 18:56:30.713'),
(52,9,'2025-01-29 18:56:30.711','2025-01-29 18:56:30.711'),
(92,17,'2025-01-29 18:56:31.181','2025-01-29 18:56:31.181'),
(93,14,'2025-01-29 18:56:31.181','2025-01-29 18:56:31.181'),
(94,15,'2025-01-29 18:56:31.182','2025-01-29 18:56:31.182'),
(95,16,'2025-01-29 18:56:31.182','2025-01-29 18:56:31.182'),
(96,19,'2025-01-29 18:56:31.182','2025-01-29 18:56:31.182'),
(97,18,'2025-01-29 18:56:31.185','2025-01-29 18:56:31.185'),
(98,20,'2025-01-29 18:56:31.183','2025-01-29 18:56:31.183'),
(99,21,'2025-01-29 18:56:31.184','2025-01-29 18:56:31.184'),
(100,23,'2025-01-29 18:56:31.184','2025-01-29 18:56:31.184'),
(101,22,'2025-01-29 18:56:31.183','2025-01-29 18:56:31.183'),
(102,24,'2025-01-29 18:56:31.186','2025-01-29 18:56:31.186'),
(103,25,'2025-01-29 18:56:31.185','2025-01-29 18:56:31.185'),
(104,26,'2025-01-29 18:56:31.186','2025-01-29 18:56:31.186'),
(144,27,'2025-01-29 18:56:31.563','2025-01-29 18:56:31.563'),
(145,30,'2025-01-29 18:56:31.559','2025-01-29 18:56:31.559'),
(146,28,'2025-01-29 18:56:31.563','2025-01-29 18:56:31.563'),
(147,32,'2025-01-29 18:56:31.564','2025-01-29 18:56:31.564'),
(148,31,'2025-01-29 18:56:31.559','2025-01-29 18:56:31.559'),
(149,29,'2025-01-29 18:56:31.564','2025-01-29 18:56:31.564'),
(150,33,'2025-01-29 18:56:31.564','2025-01-29 18:56:31.564'),
(151,34,'2025-01-29 18:56:31.564','2025-01-29 18:56:31.564'),
(152,37,'2025-01-29 18:56:31.565','2025-01-29 18:56:31.565'),
(153,36,'2025-01-29 18:56:31.565','2025-01-29 18:56:31.565'),
(154,35,'2025-01-29 18:56:31.565','2025-01-29 18:56:31.565'),
(155,38,'2025-01-29 18:56:31.566','2025-01-29 18:56:31.566'),
(156,39,'2025-01-29 18:56:31.566','2025-01-29 18:56:31.566'),
(172,40,'2025-01-29 18:56:31.769','2025-01-29 18:56:31.769'),
(173,42,'2025-01-29 18:56:31.769','2025-01-29 18:56:31.769'),
(174,43,'2025-01-29 18:56:31.769','2025-01-29 18:56:31.769'),
(175,41,'2025-01-29 18:56:31.769','2025-01-29 18:56:31.769'),
(176,44,'2025-01-29 18:56:31.769','2025-01-29 18:56:31.769');
/*!40000 ALTER TABLE `accounting_contact` ENABLE KEYS */;
UNLOCK TABLES;

--
-- Table structure for table `accounting_contact_image`
--

DROP TABLE IF EXISTS `accounting_contact_image`;
/*!40101 SET @saved_cs_client     = @@character_set_client */;
/*!40101 SET character_set_client = utf8 */;
CREATE TABLE `accounting_contact_image` (
  `imageId` int(11) NOT NULL,
  `accounting_contactId` int(11) NOT NULL,
  `created_at` datetime(3) NOT NULL DEFAULT current_timestamp(3),
  `update_at` datetime(3) NOT NULL DEFAULT current_timestamp(3),
  PRIMARY KEY (`imageId`,`accounting_contactId`),
  KEY `accounting_contact_image_accounting_contactId_fkey` (`accounting_contactId`),
  CONSTRAINT `accounting_contact_image_accounting_contactId_fkey` FOREIGN KEY (`accounting_contactId`) REFERENCES `sector` (`id`) ON DELETE CASCADE ON UPDATE CASCADE,
  CONSTRAINT `accounting_contact_image_imageId_fkey` FOREIGN KEY (`imageId`) REFERENCES `imagem` (`id`) ON DELETE CASCADE ON UPDATE CASCADE
) ENGINE=InnoDB DEFAULT CHARSET=utf8mb4 COLLATE=utf8mb4_unicode_ci;
/*!40101 SET character_set_client = @saved_cs_client */;

--
-- Dumping data for table `accounting_contact_image`
--

LOCK TABLES `accounting_contact_image` WRITE;
/*!40000 ALTER TABLE `accounting_contact_image` DISABLE KEYS */;
INSERT INTO `accounting_contact_image` VALUES
(40,43,'2025-01-29 18:56:30.775','2025-01-29 18:56:30.775'),
(41,44,'2025-01-29 18:56:30.773','2025-01-29 18:56:30.773'),
(42,41,'2025-01-29 18:56:30.778','2025-01-29 18:56:30.778'),
(43,42,'2025-01-29 18:56:30.778','2025-01-29 18:56:30.778'),
(44,40,'2025-01-29 18:56:30.776','2025-01-29 18:56:30.776'),
(45,46,'2025-01-29 18:56:30.777','2025-01-29 18:56:30.777'),
(46,45,'2025-01-29 18:56:30.774','2025-01-29 18:56:30.774'),
(47,48,'2025-01-29 18:56:30.774','2025-01-29 18:56:30.774'),
(48,49,'2025-01-29 18:56:30.775','2025-01-29 18:56:30.775'),
(49,47,'2025-01-29 18:56:30.773','2025-01-29 18:56:30.773'),
(50,50,'2025-01-29 18:56:30.778','2025-01-29 18:56:30.778'),
(51,52,'2025-01-29 18:56:30.775','2025-01-29 18:56:30.775'),
(52,51,'2025-01-29 18:56:30.773','2025-01-29 18:56:30.773'),
(105,92,'2025-01-29 18:56:31.262','2025-01-29 18:56:31.262'),
(106,93,'2025-01-29 18:56:31.262','2025-01-29 18:56:31.262'),
(107,94,'2025-01-29 18:56:31.262','2025-01-29 18:56:31.262'),
(108,96,'2025-01-29 18:56:31.262','2025-01-29 18:56:31.262'),
(109,95,'2025-01-29 18:56:31.263','2025-01-29 18:56:31.263'),
(110,98,'2025-01-29 18:56:31.264','2025-01-29 18:56:31.264'),
(111,99,'2025-01-29 18:56:31.265','2025-01-29 18:56:31.265'),
(112,100,'2025-01-29 18:56:31.265','2025-01-29 18:56:31.265'),
(113,101,'2025-01-29 18:56:31.265','2025-01-29 18:56:31.265'),
(114,97,'2025-01-29 18:56:31.266','2025-01-29 18:56:31.266'),
(115,103,'2025-01-29 18:56:31.266','2025-01-29 18:56:31.266'),
(116,102,'2025-01-29 18:56:31.267','2025-01-29 18:56:31.267'),
(117,104,'2025-01-29 18:56:31.267','2025-01-29 18:56:31.267'),
(170,148,'2025-01-29 18:56:31.626','2025-01-29 18:56:31.626'),
(171,145,'2025-01-29 18:56:31.627','2025-01-29 18:56:31.627'),
(172,144,'2025-01-29 18:56:31.627','2025-01-29 18:56:31.627'),
(173,147,'2025-01-29 18:56:31.628','2025-01-29 18:56:31.628'),
(174,146,'2025-01-29 18:56:31.627','2025-01-29 18:56:31.627'),
(175,149,'2025-01-29 18:56:31.627','2025-01-29 18:56:31.627'),
(176,150,'2025-01-29 18:56:31.627','2025-01-29 18:56:31.627'),
(177,151,'2025-01-29 18:56:31.628','2025-01-29 18:56:31.628'),
(178,153,'2025-01-29 18:56:31.628','2025-01-29 18:56:31.628'),
(179,152,'2025-01-29 18:56:31.629','2025-01-29 18:56:31.629'),
(180,154,'2025-01-29 18:56:31.629','2025-01-29 18:56:31.629'),
(181,156,'2025-01-29 18:56:31.629','2025-01-29 18:56:31.629'),
(182,155,'2025-01-29 18:56:31.629','2025-01-29 18:56:31.629'),
(211,172,'2025-01-29 18:56:31.789','2025-01-29 18:56:31.789'),
(212,173,'2025-01-29 18:56:31.790','2025-01-29 18:56:31.790'),
(213,175,'2025-01-29 18:56:31.790','2025-01-29 18:56:31.790'),
(214,174,'2025-01-29 18:56:31.790','2025-01-29 18:56:31.790'),
(215,176,'2025-01-29 18:56:31.790','2025-01-29 18:56:31.790');
/*!40000 ALTER TABLE `accounting_contact_image` ENABLE KEYS */;
UNLOCK TABLES;

--
-- Table structure for table `address`
--

DROP TABLE IF EXISTS `address`;
/*!40101 SET @saved_cs_client     = @@character_set_client */;
/*!40101 SET character_set_client = utf8 */;
CREATE TABLE `address` (
  `id` int(11) NOT NULL AUTO_INCREMENT,
  `cep` varchar(8) DEFAULT NULL,
  `street` varchar(100) DEFAULT NULL,
  `number` varchar(100) DEFAULT NULL,
  `complement` varchar(100) DEFAULT NULL,
  `city` varchar(100) DEFAULT NULL,
  `neighborhood` varchar(100) DEFAULT NULL,
  `state` varchar(191) DEFAULT NULL,
  `created_at` datetime(3) NOT NULL DEFAULT current_timestamp(3),
  `update_at` datetime(3) NOT NULL DEFAULT current_timestamp(3),
  PRIMARY KEY (`id`)
) ENGINE=InnoDB AUTO_INCREMENT=89 DEFAULT CHARSET=utf8mb4 COLLATE=utf8mb4_unicode_ci;
/*!40101 SET character_set_client = @saved_cs_client */;

--
-- Dumping data for table `address`
--

LOCK TABLES `address` WRITE;
/*!40000 ALTER TABLE `address` DISABLE KEYS */;
INSERT INTO `address` VALUES
(1,NULL,'SITIO GAMELEIRA',NULL,NULL,'VITORIA DE SANTO ANTAO','ZONA RURAL','PE','2025-01-29 18:56:30.524','2025-01-29 18:56:30.524'),
(2,NULL,'SIT Sitio Vertentes',NULL,NULL,'Cha Grande','Pernambuco','PE','2025-01-29 18:56:30.525','2025-01-29 18:56:30.525'),
(3,NULL,'RUA GASPAR PEREZ',NULL,NULL,'RECIFE','IPUTINGA','PE','2025-01-29 18:56:30.525','2025-01-29 18:56:30.525'),
(4,NULL,'Estrada do quebra pote/rua principal',NULL,NULL,'São Luís','Santa Efigênia,','MA','2025-01-29 18:56:30.525','2025-01-29 18:56:30.525'),
(5,NULL,'Projeto de Irrigação Senador Nilo Coelho',NULL,NULL,'Petrolina','Zona Rural','PE','2025-01-29 18:56:30.526','2025-01-29 18:56:30.526'),
(6,NULL,'AVENIDA GOVERNADOR CARLOS DE LIMA CAVALCANTE, 1241',NULL,NULL,'OLINDA','BAIRRO NOVO','PE','2025-01-29 18:56:30.527','2025-01-29 18:56:30.527'),
(7,NULL,'Rod. Rodovia PI 113, KM 16 00001 000108',NULL,NULL,'Teresina','Povoado Coroatá','PI','2025-01-29 18:56:30.527','2025-01-29 18:56:30.527'),
(8,NULL,'rua José Bonifácio de Holanda ',NULL,NULL,'Vitória de Santo Antão','jardim Ipiranga ','Pernambuco ','2025-01-29 18:56:30.528','2025-01-29 18:56:30.528'),
(9,NULL,NULL,NULL,NULL,'Fortaleza','Lagoa Redonda','CE','2025-01-29 18:56:30.528','2025-01-29 18:56:30.528'),
(10,NULL,' Rua Seis, 424',NULL,NULL,'Timon','Mangueira','MARANHÃO ','2025-01-29 18:56:30.529','2025-01-29 18:56:30.529'),
(11,NULL,'Rua Salvio Dino',NULL,NULL,' Imperatriz','Bairro vila redenção II ','MARANHÃO','2025-01-29 18:56:30.529','2025-01-29 18:56:30.529'),
(12,NULL,' Rua Seis, 424',NULL,NULL,'Timon','Mangueira','MARANHÃO ','2025-01-29 18:56:30.529','2025-01-29 18:56:30.529'),
(13,NULL,' R DEOCLECIO ARAUJO',NULL,NULL,'FORTALEZA','LAGOA REDONDA','CE','2025-01-29 18:56:30.529','2025-01-29 18:56:30.529'),
(14,NULL,NULL,NULL,NULL,NULL,NULL,NULL,'2025-01-29 18:56:30.541','2025-01-29 18:56:30.541'),
(15,NULL,NULL,NULL,NULL,NULL,NULL,NULL,'2025-01-29 18:56:30.541','2025-01-29 18:56:30.541'),
(16,NULL,NULL,NULL,NULL,NULL,NULL,NULL,'2025-01-29 18:56:30.541','2025-01-29 18:56:30.541'),
(17,NULL,NULL,NULL,NULL,NULL,NULL,NULL,'2025-01-29 18:56:30.542','2025-01-29 18:56:30.542'),
(18,NULL,NULL,NULL,NULL,NULL,NULL,NULL,'2025-01-29 18:56:30.542','2025-01-29 18:56:30.542'),
(19,NULL,NULL,NULL,NULL,NULL,NULL,NULL,'2025-01-29 18:56:30.542','2025-01-29 18:56:30.542'),
(20,NULL,NULL,NULL,NULL,NULL,NULL,NULL,'2025-01-29 18:56:30.542','2025-01-29 18:56:30.542'),
(21,NULL,NULL,NULL,NULL,NULL,NULL,NULL,'2025-01-29 18:56:30.543','2025-01-29 18:56:30.543'),
(22,NULL,NULL,NULL,NULL,NULL,NULL,NULL,'2025-01-29 18:56:30.543','2025-01-29 18:56:30.543'),
(23,NULL,NULL,NULL,NULL,NULL,NULL,NULL,'2025-01-29 18:56:30.543','2025-01-29 18:56:30.543'),
(24,NULL,NULL,NULL,NULL,NULL,NULL,NULL,'2025-01-29 18:56:30.543','2025-01-29 18:56:30.543'),
(25,NULL,NULL,NULL,NULL,NULL,NULL,NULL,'2025-01-29 18:56:30.544','2025-01-29 18:56:30.544'),
(26,NULL,NULL,NULL,NULL,NULL,NULL,NULL,'2025-01-29 18:56:30.544','2025-01-29 18:56:30.544'),
(27,NULL,'FAZENDA COMONDONGO',NULL,NULL,'PETROLINA','POVOADO DO BESSA','PE','2025-01-29 18:56:30.860','2025-01-29 18:56:30.860'),
(28,NULL,'AVENIDA PRESIDENTE GETULIO VARGAS',NULL,NULL,'Castanhal','IANETAMA','PA','2025-01-29 18:56:30.860','2025-01-29 18:56:30.860'),
(29,NULL,'RUA GENIVAL MARIANO DA SILVA',NULL,NULL,'CAMOCIM DE SAO FELIX','CENTRO','PE','2025-01-29 18:56:30.861','2025-01-29 18:56:30.861'),
(30,NULL,'Av Solimões',NULL,NULL,'São Luís · MA','parque Amazonas',NULL,'2025-01-29 18:56:30.861','2025-01-29 18:56:30.861'),
(31,NULL,'R ALTO ALEGRE',NULL,NULL,'PACO DO LUMIAR','PINDOBA','MA','2025-01-29 18:56:30.861','2025-01-29 18:56:30.861'),
(32,NULL,'ESTRADA PI ',NULL,NULL,'Matias Olímpio','CAMPO COMPRIDO','Piauí','2025-01-29 18:56:30.861','2025-01-29 18:56:30.861'),
(33,NULL,NULL,NULL,NULL,NULL,NULL,NULL,'2025-01-29 18:56:30.862','2025-01-29 18:56:30.862'),
(34,NULL,'R DR. LUCIANA RAFAEL QUEIROZ GOMES 27',NULL,NULL,'Várzea Alegre','Praça Santo Antonio','CE','2025-01-29 18:56:30.862','2025-01-29 18:56:30.862'),
(35,NULL,'AV. PRESIDENTE VARGAS',NULL,NULL,'ULIANÓPOLIS-PA','CENTRO',NULL,'2025-01-29 18:56:30.863','2025-01-29 18:56:30.863'),
(36,NULL,'Sitio Caiana s,n',NULL,NULL,'Aratuba','Centro','CE','2025-01-29 18:56:30.863','2025-01-29 18:56:30.863'),
(37,NULL,'Rodovia BR-101 Sul Km 70',NULL,NULL,'Recife','Curado','Pernanbuco','2025-01-29 18:56:30.864','2025-01-29 18:56:30.864'),
(38,NULL,'Rua Olavo Oliveira , 0001',NULL,NULL,'Granja','Centro','CE','2025-01-29 18:56:30.864','2025-01-29 18:56:30.864'),
(39,NULL,'AVENIDA SOLIMOES PI',NULL,NULL,'SAO LUIS','PARQUE AMAZONAS','MA','2025-01-29 18:56:30.865','2025-01-29 18:56:30.865'),
(40,NULL,NULL,NULL,NULL,NULL,NULL,NULL,'2025-01-29 18:56:30.881','2025-01-29 18:56:30.881'),
(41,NULL,NULL,NULL,NULL,NULL,NULL,NULL,'2025-01-29 18:56:30.882','2025-01-29 18:56:30.882'),
(42,NULL,NULL,NULL,NULL,NULL,NULL,NULL,'2025-01-29 18:56:30.883','2025-01-29 18:56:30.883'),
(43,NULL,NULL,NULL,NULL,NULL,NULL,NULL,'2025-01-29 18:56:30.883','2025-01-29 18:56:30.883'),
(44,NULL,NULL,NULL,NULL,NULL,NULL,NULL,'2025-01-29 18:56:30.884','2025-01-29 18:56:30.884'),
(45,NULL,NULL,NULL,NULL,NULL,NULL,NULL,'2025-01-29 18:56:30.884','2025-01-29 18:56:30.884'),
(46,NULL,NULL,NULL,NULL,NULL,NULL,NULL,'2025-01-29 18:56:30.884','2025-01-29 18:56:30.884'),
(47,NULL,NULL,NULL,NULL,NULL,NULL,NULL,'2025-01-29 18:56:30.885','2025-01-29 18:56:30.885'),
(48,NULL,NULL,NULL,NULL,NULL,NULL,NULL,'2025-01-29 18:56:30.886','2025-01-29 18:56:30.886'),
(49,NULL,NULL,NULL,NULL,NULL,NULL,NULL,'2025-01-29 18:56:30.886','2025-01-29 18:56:30.886'),
(50,NULL,NULL,NULL,NULL,NULL,NULL,NULL,'2025-01-29 18:56:30.886','2025-01-29 18:56:30.886'),
(51,NULL,NULL,NULL,NULL,NULL,NULL,NULL,'2025-01-29 18:56:30.887','2025-01-29 18:56:30.887'),
(52,NULL,NULL,NULL,NULL,NULL,NULL,NULL,'2025-01-29 18:56:30.888','2025-01-29 18:56:30.888'),
(53,NULL,'RUA ANTONIO DIVINO',NULL,NULL,'FORTALEZA','\nMONDUBIM','CE','2025-01-29 18:56:31.344','2025-01-29 18:56:31.344'),
(54,NULL,NULL,NULL,NULL,NULL,NULL,NULL,'2025-01-29 18:56:31.344','2025-01-29 18:56:31.344'),
(55,NULL,'Sítio São Tomé',NULL,NULL,'Alagoa Nova','Zona Rural','PB','2025-01-29 18:56:31.344','2025-01-29 18:56:31.344'),
(56,NULL,'RUA PARAMACAXI',NULL,NULL,'MANAUS','NOVO ALEIXO','AM','2025-01-29 18:56:31.344','2025-01-29 18:56:31.344'),
(57,NULL,'ESTRADA ENGENHO SERRA GRANDE',NULL,NULL,'VITORIA DE SANTO ANTAO','ZONA RURAL','PE','2025-01-29 18:56:31.345','2025-01-29 18:56:31.345'),
(58,NULL,'RUA GUAIPA',NULL,NULL,'SÃO PAULO','VILA LEOPOLDINA','SP','2025-01-29 18:56:31.345','2025-01-29 18:56:31.345'),
(59,NULL,'Rua Antonio Carlos Magalhaes',NULL,NULL,' Feira de Santana','Cidade Nova','BAHIA','2025-01-29 18:56:31.346','2025-01-29 18:56:31.346'),
(60,NULL,'RUA OLHO D´ÁGUA ',NULL,NULL,'EUSÉBIO','OLHO D´ÁGUA','CE','2025-01-29 18:56:31.346','2025-01-29 18:56:31.346'),
(61,NULL,'ROD BR 101 KM 7',NULL,NULL,'PARNAMIRIM','EMAUS','RN','2025-01-29 18:56:31.347','2025-01-29 18:56:31.347'),
(62,NULL,'AVE JERONIMO DE ALBUQUERQUE MARANHAO',NULL,NULL,'SAO LUIS-MA','COHAFUMA',NULL,'2025-01-29 18:56:31.348','2025-01-29 18:56:31.348'),
(63,NULL,'RUA JOÃO GULHERME',NULL,NULL,'AGRESTINA','CENTRO','PE','2025-01-29 18:56:31.348','2025-01-29 18:56:31.348'),
(64,NULL,'AV CONTORNO NORTE',NULL,NULL,'MARACANAU','CONJUNTO INDUSTRIAL','CE','2025-01-29 18:56:31.349','2025-01-29 18:56:31.349'),
(65,NULL,'RUA SEVERINO SOARES DE FREITAS (FILIAL)',NULL,NULL,'BOA VISTA','PRICUMA','RR (RORAIMA)','2025-01-29 18:56:31.349','2025-01-29 18:56:31.349'),
(66,NULL,NULL,NULL,NULL,NULL,NULL,NULL,'2025-01-29 18:56:31.361','2025-01-29 18:56:31.361'),
(67,NULL,NULL,NULL,NULL,NULL,NULL,NULL,'2025-01-29 18:56:31.361','2025-01-29 18:56:31.361'),
(68,NULL,NULL,NULL,NULL,NULL,NULL,NULL,'2025-01-29 18:56:31.361','2025-01-29 18:56:31.361'),
(69,NULL,NULL,NULL,NULL,NULL,NULL,NULL,'2025-01-29 18:56:31.361','2025-01-29 18:56:31.361'),
(70,NULL,NULL,NULL,NULL,NULL,NULL,NULL,'2025-01-29 18:56:31.361','2025-01-29 18:56:31.361'),
(71,NULL,NULL,NULL,NULL,NULL,NULL,NULL,'2025-01-29 18:56:31.362','2025-01-29 18:56:31.362'),
(72,NULL,NULL,NULL,NULL,NULL,NULL,NULL,'2025-01-29 18:56:31.362','2025-01-29 18:56:31.362'),
(73,NULL,NULL,NULL,NULL,NULL,NULL,NULL,'2025-01-29 18:56:31.362','2025-01-29 18:56:31.362'),
(74,NULL,NULL,NULL,NULL,NULL,NULL,NULL,'2025-01-29 18:56:31.363','2025-01-29 18:56:31.363'),
(75,NULL,NULL,NULL,NULL,NULL,NULL,NULL,'2025-01-29 18:56:31.363','2025-01-29 18:56:31.363'),
(76,NULL,NULL,NULL,NULL,NULL,NULL,NULL,'2025-01-29 18:56:31.363','2025-01-29 18:56:31.363'),
(77,NULL,NULL,NULL,NULL,NULL,NULL,NULL,'2025-01-29 18:56:31.364','2025-01-29 18:56:31.364'),
(78,NULL,NULL,NULL,NULL,NULL,NULL,NULL,'2025-01-29 18:56:31.364','2025-01-29 18:56:31.364'),
(79,NULL,'AVENIDA DEPUTADO JANUARIO FEITOSA (MATRIZ)',NULL,NULL,'BARRO','TRAJANO NOGUEIRA','CE','2025-01-29 18:56:31.689','2025-01-29 18:56:31.689'),
(80,NULL,'Av. Henrique de Holanda,',NULL,NULL,'VITÓRIA DE SANTO ANTAO','MAUES','PE','2025-01-29 18:56:31.690','2025-01-29 18:56:31.690'),
(81,NULL,'RUA NOSSA SENHORA DOS NAVEGANTES',NULL,NULL,'JOÃO PESSOA','TAMBAÚ','PB','2025-01-29 18:56:31.689','2025-01-29 18:56:31.689'),
(82,NULL,'RUA DA CHACARA',NULL,NULL,'Açailândia','VILA ILDEMAR','MA','2025-01-29 18:56:31.690','2025-01-29 18:56:31.690'),
(83,NULL,NULL,NULL,NULL,NULL,NULL,NULL,'2025-01-29 18:56:31.690','2025-01-29 18:56:31.690'),
(84,NULL,NULL,NULL,NULL,NULL,NULL,NULL,'2025-01-29 18:56:31.695','2025-01-29 18:56:31.695'),
(85,NULL,NULL,NULL,NULL,NULL,NULL,NULL,'2025-01-29 18:56:31.695','2025-01-29 18:56:31.695'),
(86,NULL,NULL,NULL,NULL,NULL,NULL,NULL,'2025-01-29 18:56:31.695','2025-01-29 18:56:31.695'),
(87,NULL,NULL,NULL,NULL,NULL,NULL,NULL,'2025-01-29 18:56:31.695','2025-01-29 18:56:31.695'),
(88,NULL,NULL,NULL,NULL,NULL,NULL,NULL,'2025-01-29 18:56:31.696','2025-01-29 18:56:31.696');
/*!40000 ALTER TABLE `address` ENABLE KEYS */;
UNLOCK TABLES;

--
-- Table structure for table `adm`
--

DROP TABLE IF EXISTS `adm`;
/*!40101 SET @saved_cs_client     = @@character_set_client */;
/*!40101 SET character_set_client = utf8 */;
CREATE TABLE `adm` (
  `id` int(11) NOT NULL AUTO_INCREMENT,
  `cnpj` char(14) NOT NULL,
  `password` varchar(191) NOT NULL,
  `created_at` datetime(3) NOT NULL DEFAULT current_timestamp(3),
  `update_at` datetime(3) NOT NULL DEFAULT current_timestamp(3),
  PRIMARY KEY (`id`),
  UNIQUE KEY `adm_cnpj_key` (`cnpj`)
) ENGINE=InnoDB DEFAULT CHARSET=utf8mb4 COLLATE=utf8mb4_unicode_ci;
/*!40101 SET character_set_client = @saved_cs_client */;

--
-- Dumping data for table `adm`
--

LOCK TABLES `adm` WRITE;
/*!40000 ALTER TABLE `adm` DISABLE KEYS */;
/*!40000 ALTER TABLE `adm` ENABLE KEYS */;
UNLOCK TABLES;

--
-- Table structure for table `client`
--

DROP TABLE IF EXISTS `client`;
/*!40101 SET @saved_cs_client     = @@character_set_client */;
/*!40101 SET character_set_client = utf8 */;
CREATE TABLE `client` (
  `id` int(11) NOT NULL AUTO_INCREMENT,
  `corporate_reason` varchar(1000) NOT NULL,
  `fantasy_name` varchar(1000) DEFAULT NULL,
  `branch_activity` varchar(1000) DEFAULT NULL,
  `cnpj` varchar(14) NOT NULL,
  `state_registration` varchar(100) DEFAULT NULL,
  `type_contribuition` varchar(191) DEFAULT NULL,
  `situation` tinyint(1) NOT NULL DEFAULT 1,
  `created_at` datetime(3) NOT NULL DEFAULT current_timestamp(3),
  `update_at` datetime(3) NOT NULL DEFAULT current_timestamp(3),
  PRIMARY KEY (`id`)
) ENGINE=InnoDB AUTO_INCREMENT=45 DEFAULT CHARSET=utf8mb4 COLLATE=utf8mb4_unicode_ci;
/*!40101 SET character_set_client = @saved_cs_client */;

--
-- Dumping data for table `client`
--

LOCK TABLES `client` WRITE;
/*!40000 ALTER TABLE `client` DISABLE KEYS */;
INSERT INTO `client` VALUES
(1,'C BARBOSA LIMA COMERCIO ','CÍCERO-HORTALIÇA LIMA-MARANHÃO','47.24-5-00 - COMÉRCIO VAREJISTA DE HORTIFRUTIGRANJEIROS','07775908000116',NULL,NULL,1,'2025-01-29 18:56:30.500','2025-01-29 18:56:30.500'),
(2,'QUITANDARIA CASA CAIADA HORTIFRUTIGRANJEIROS LTDA','CASA CAIADA (LEANDRO)','47.24-5-00 - COMÉRCIO VAREJISTA DE HORTIFRUTIGRANJEIROS','23972145000150',NULL,NULL,1,'2025-01-29 18:56:30.500','2025-01-29 18:56:30.500'),
(3,'INAE SILVA ARAUJO','BELLAHORTA - PE','0121-1/01 - HORTICULTURA, EXCETO MORANGO','45850425000128',NULL,NULL,1,'2025-01-29 18:56:30.500','2025-01-29 18:56:30.500'),
(4,'Alfa Verde Hortaliças Ltda','ALFA VERDE - THIEGO',NULL,'36361185000107',NULL,NULL,1,'2025-01-29 18:56:30.500','2025-01-29 18:56:30.500'),
(5,'FRANCISCO ALDERLAN SAMPAIO DE LIMA-ME','CAMPO OURO VERDE','4724500 - Comércio varejista de hortifrutigranjeiros','20835715000171',NULL,NULL,1,'2025-01-29 18:56:30.500','2025-01-29 18:56:30.500'),
(6,'','DONA LUSIA - PARTICULAR',NULL,'',NULL,NULL,1,'2025-01-29 18:56:30.500','2025-01-29 18:56:30.500'),
(7,'Alencar & Machado Ltda.','ALENCAR & ALENCAR',NULL,'24310087000161',NULL,NULL,1,'2025-01-29 18:56:30.500','2025-01-29 18:56:30.500'),
(8,'COMERCIAL HORTI-FRIOS LTDA','GABRIEL - HORTI FRIOS',NULL,'40843179000163',NULL,NULL,1,'2025-01-29 18:56:30.500','2025-01-29 18:56:30.500'),
(9,'LL PRODUTOS DE HORTA LTDA','HORTFELIX',' 121101 - Horticultura, exceto morango','19725580000102',NULL,NULL,1,'2025-01-29 18:56:30.500','2025-01-29 18:56:30.500'),
(10,'Horticultura Center Eireli ','HORT. CENTER EIRELI - ANDERSON',NULL,'40226632000192',NULL,NULL,1,'2025-01-29 18:56:30.500','2025-01-29 18:56:30.500'),
(11,'BERNARDO BARBOSA DE SOUSA FRUTARIA','BERNARDO BARBOZA (D. LUSIA)',NULL,'26809096000127',NULL,NULL,1,'2025-01-29 18:56:30.508','2025-01-29 18:56:30.508'),
(12,'C ZAUZA - ME','C ZAUZA','4633801 – Comércio Atacadista de Frutas, Verduras, Raízes, Tubérculos, Hortaliças e Legumes \nFrescos. \n0121101 - Horticultura, Exceto Morango','17974766000170',NULL,NULL,1,'2025-01-29 18:56:30.500','2025-01-29 18:56:30.500'),
(13,'Ana Paula de Espindola Santos Oliveira Hortifrutas','APSANTOS','46.33-8-01 - Comércio atacadista de frutas, verduras, raízes, tubérculos, hortaliças e legumes frescos ','44069453000140',NULL,NULL,1,'2025-01-29 18:56:30.500','2025-01-29 18:56:30.500'),
(14,'JK HORTIFRUTES LTDA','JK HORTIFRUTES LTDA',NULL,'08277269000121',NULL,NULL,1,'2025-01-29 18:56:30.846','2025-01-29 18:56:30.846'),
(15,'HORTIFRUTI VIDA LTDA','HORTIFRUTI VIDA - SR. ANDERSON ','46.33-8-01 - COMÉRCIO ATACADISTA DE FRUTAS, VERDURAS, RAÍZES, TUBÉRCULOS, HORTALIÇAS E LEGUMES FRESCOS','31732952000123',NULL,NULL,1,'2025-01-29 18:56:30.846','2025-01-29 18:56:30.846'),
(16,'H DOS SANTOS OLIVEIRA','HORTFOLHAS',NULL,'03011948900018',NULL,NULL,1,'2025-01-29 18:56:30.846','2025-01-29 18:56:30.846'),
(17,'D C DE OLIVEIRA - HORTIFRUTIGRANJEIROS LTDA','HORTIVERDE - PE','4724-5/00 - COMERCIO VAREJISTA DE HORTIFRUTIGRANJEIROS','36739812000109',NULL,NULL,1,'2025-01-29 18:56:30.847','2025-01-29 18:56:30.847'),
(18,'HORTI SILVA LTDA','LEONARDO - HORTI SILVA LTDA','47.24-5-00 - Comércio varejista de hortifrutigranjeiros','22824190000102',NULL,NULL,1,'2025-01-29 18:56:30.847','2025-01-29 18:56:30.847'),
(19,'Lusia M da Paz Sousa','PAZ E SOUSA (D. LUSIA)',' 46.33-8-01 - Comércio atacadista de frutas, verduras, raízes, tubérculos, hortaliças e legumes frescos','42260865000137',NULL,NULL,1,'2025-01-29 18:56:30.848','2025-01-29 18:56:30.848'),
(20,'','NILDO FOLHAGENS',NULL,'',NULL,NULL,1,'2025-01-29 18:56:30.848','2025-01-29 18:56:30.848'),
(21,'PAF COMERCIO DE PAINEIS DE LED LTDA','MUNDO DE LED',NULL,'39701422000120',NULL,NULL,1,'2025-01-29 18:56:30.849','2025-01-29 18:56:30.849'),
(22,'','O CORINGÃO LTDA - PA','47.11-3-02 - COMÉRCIO VAREJISTA DE MERCADORIAS EM GERAL, COM PREDOMINÂNCIA DE PRODUTOS ALIMENTÍCIOS - SUPERMERCADOS','03030688000140',NULL,NULL,1,'2025-01-29 18:56:30.849','2025-01-29 18:56:30.849'),
(23,'Francisco Romario Oliveira da Silva - ME','PARAISO VERDE',NULL,'22629187000120',NULL,NULL,1,'2025-01-29 18:56:30.849','2025-01-29 18:56:30.849'),
(24,'QUALITY HORTIFRUTI LTDA ME','QUALITY HORTIFRUTI',NULL,'44739730000184',NULL,NULL,1,'2025-01-29 18:56:30.850','2025-01-29 18:56:30.850'),
(25,'M.J. ALBUQUERQUE','PIMENTÃO',NULL,'07552848000172',NULL,NULL,1,'2025-01-29 18:56:30.850','2025-01-29 18:56:30.850'),
(26,'H DOS SANTOS OLIVEIRA','RAISA - HORTFOLHAS - MARANHÃO','47.24-5-00 - COMÉRCIO VAREJISTA DE HORTIFRUTIGRANJEIROS','30119489000186',NULL,NULL,1,'2025-01-29 18:56:30.850','2025-01-29 18:56:30.850'),
(27,'REINO VERDE COMERCIO DE HORTIFRUTIGRANJEIROS LTDA','REINO VERDE',NULL,'33819546000128',NULL,NULL,1,'2025-01-29 18:56:31.331','2025-01-29 18:56:31.331'),
(28,'ANTONIO ALVES RIBEIRO','RIBEIRO - HORT VERDE',NULL,'11231427000117',NULL,NULL,1,'2025-01-29 18:56:31.332','2025-01-29 18:56:31.332'),
(29,'Hortaliças Sempre Verde Comercio Hortifrutigranjeiro Ltda','SEMPRE VERDE',NULL,'05620918000157',NULL,NULL,1,'2025-01-29 18:56:31.332','2025-01-29 18:56:31.332'),
(30,'J & F COMERCIO DE  HORTIFRUTIGRANJEIROS','SITIO BELO HORIZONTE FLV','47.24-5-00 - COMÉRCIO VAREJISTA DE HORTIFRUTIGRANJEIROS','28430193000130',NULL,NULL,1,'2025-01-29 18:56:31.333','2025-01-29 18:56:31.333'),
(31,'J L de o Lemos - Hortifrutigranjeiros - Hortiverde','SR. SILVIO - PE','4724-5/00 - COMERCIO VAREJISTA DE HORTIFRUTIGRANJEIROS','33102215000172',NULL,NULL,1,'2025-01-29 18:56:31.333','2025-01-29 18:56:31.333'),
(32,'SUPERMERCADO MAMBRO LTDA','SUPERM. MAMBO LTDA','47.11-3-02 - Comércio varejista de mercadorias em geral, com predominância de produtos alimentícios - supermercados E  OUTROS','71676316000146',NULL,NULL,1,'2025-01-29 18:56:31.333','2025-01-29 18:56:31.333'),
(33,'Rs Comercio Varejista de Produtos LTDA','RICARDO BAHIA',' 47.29-6-99 - Comércio varejista de produtos alimentícios em geral ou especializado em produtos alimentícios não especificados anteriormente','32043983000130',NULL,NULL,1,'2025-01-29 18:56:31.334','2025-01-29 18:56:31.334'),
(34,'S S FREITAS E F A ROCHA DA SILVA LTDA','SS FREITAS - SR. EDEILSON','10.33-3-02 - FABRICAÇÃO DE SUCOS DE FRUTAS, HORTALIÇAS E LEGUMES, EXCETO CONCENTRADOS','29601466000124',NULL,NULL,1,'2025-01-29 18:56:31.334','2025-01-29 18:56:31.334'),
(35,'RICCO ALIMENTOS HORTIFRUTIGRANJEIROS LTDA','RICCO ALIMENTOS','46.33-8-01 - Comércio atacadista de frutas, verduras, raízes, tubérculos, hortaliças e legumes frescos','29356859000110',NULL,NULL,1,'2025-01-29 18:56:31.335','2025-01-29 18:56:31.335'),
(36,'SUPERMERCADO NORDESTÃO LTDA','SUPERMERCADO NORDESTÃO','4711-3/02 - COMERCIO VAREJISTA DE MERCADORIAS EM GERAL, COM PREDOMINANCIA DE PRODUTOS ALIMENTICIOS - SUPERMERCADOS','08030363003369',NULL,NULL,1,'2025-01-29 18:56:31.335','2025-01-29 18:56:31.335'),
(37,'GENIVAL ARGEMIRO DA SILVA MERCADINHO','SR.GENIVAL - PE','47.12-1-00 - Comércio varejista de mercadorias em geral, com predominância de produtos alimentícios - minimercados, mercearias e armazéns','01774628000107',NULL,NULL,1,'2025-01-29 18:56:31.335','2025-01-29 18:56:31.335'),
(38,'SUPERMERCADO N. S. DE FATIMA LTDA','SUPERMERCADO N. S. DE FATIMA LT','47.11-3-02 - Comércio varejista de mercadorias em geral, com predominância de produtos alimentícios - supermercados','03803861000104',NULL,NULL,1,'2025-01-29 18:56:31.335','2025-01-29 18:56:31.335'),
(39,'ARAUJO & SARAIVA LTDA','SUPERMERCADO GOIANIA','COMÉRCIO VAREJISTA DE MERCADORIAS EM GERAL, COM PREDOMINÂNCIA DE PRODUTOS ALIMENTÍCIOS - SUPERMERCADOS','07573569000780',NULL,NULL,1,'2025-01-29 18:56:31.336','2025-01-29 18:56:31.336'),
(40,'SUPERMERCADO SEVERO LTDA','SUPERMERCADO SEVERO','47.11-3-02 - COMÉRCIO VAREJISTA DE MERCADORIAS EM GERAL, COM PREDOMINÂNCIA DE PRODUTOS ALIMENTÍCIOS - SUPERMERCADOS','02934769000102',NULL,NULL,1,'2025-01-29 18:56:31.684','2025-01-29 18:56:31.684'),
(41,'Tambau Hortifruti LTDA','VERDFRUT - SR. BETO SENA',NULL,'14523861000169',NULL,NULL,1,'2025-01-29 18:56:31.684','2025-01-29 18:56:31.684'),
(42,'M REIS COMERCIO E SERVIÇOS','VERDFRUT - SR. kaio reis','4724-5/00 - Comércio varejista de hortifrutigranjeiros','12523733000190',NULL,NULL,1,'2025-01-29 18:56:31.685','2025-01-29 18:56:31.685'),
(43,'VERDÃO DISTRIBUIDORA DE HORTIFRUTI LTDA','VERDÃO DISTRIBUIDORA (LEANDRO)','46.33-8-01 - Comércio atacadista de frutas, verduras, raízes, tubérculos, hortaliças e legumes frescos','08868231000123',NULL,NULL,1,'2025-01-29 18:56:31.685','2025-01-29 18:56:31.685'),
(44,'','TENDTUDO',NULL,'',NULL,NULL,1,'2025-01-29 18:56:31.685','2025-01-29 18:56:31.685');
/*!40000 ALTER TABLE `client` ENABLE KEYS */;
UNLOCK TABLES;

--
-- Table structure for table `commercial_contact`
--

DROP TABLE IF EXISTS `commercial_contact`;
/*!40101 SET @saved_cs_client     = @@character_set_client */;
/*!40101 SET character_set_client = utf8 */;
CREATE TABLE `commercial_contact` (
  `sectorId` int(11) NOT NULL,
  `clientId` int(11) NOT NULL,
  `created_at` datetime(3) NOT NULL DEFAULT current_timestamp(3),
  `update_at` datetime(3) NOT NULL DEFAULT current_timestamp(3),
  PRIMARY KEY (`sectorId`,`clientId`),
  KEY `commercial_contact_clientId_fkey` (`clientId`),
  CONSTRAINT `commercial_contact_clientId_fkey` FOREIGN KEY (`clientId`) REFERENCES `client` (`id`) ON DELETE CASCADE ON UPDATE CASCADE,
  CONSTRAINT `commercial_contact_sectorId_fkey` FOREIGN KEY (`sectorId`) REFERENCES `sector` (`id`) ON DELETE CASCADE ON UPDATE CASCADE
) ENGINE=InnoDB DEFAULT CHARSET=utf8mb4 COLLATE=utf8mb4_unicode_ci;
/*!40101 SET character_set_client = @saved_cs_client */;

--
-- Dumping data for table `commercial_contact`
--

LOCK TABLES `commercial_contact` WRITE;
/*!40000 ALTER TABLE `commercial_contact` DISABLE KEYS */;
INSERT INTO `commercial_contact` VALUES
(14,3,'2025-01-29 18:56:30.692','2025-01-29 18:56:30.692'),
(15,12,'2025-01-29 18:56:30.693','2025-01-29 18:56:30.693'),
(16,4,'2025-01-29 18:56:30.692','2025-01-29 18:56:30.692'),
(17,8,'2025-01-29 18:56:30.696','2025-01-29 18:56:30.696'),
(18,10,'2025-01-29 18:56:30.693','2025-01-29 18:56:30.693'),
(19,2,'2025-01-29 18:56:30.694','2025-01-29 18:56:30.694'),
(20,7,'2025-01-29 18:56:30.695','2025-01-29 18:56:30.695'),
(21,13,'2025-01-29 18:56:30.695','2025-01-29 18:56:30.695'),
(22,11,'2025-01-29 18:56:30.692','2025-01-29 18:56:30.692'),
(23,5,'2025-01-29 18:56:30.692','2025-01-29 18:56:30.692'),
(24,1,'2025-01-29 18:56:30.694','2025-01-29 18:56:30.694'),
(25,6,'2025-01-29 18:56:30.697','2025-01-29 18:56:30.697'),
(26,9,'2025-01-29 18:56:30.695','2025-01-29 18:56:30.695'),
(66,17,'2025-01-29 18:56:31.160','2025-01-29 18:56:31.160'),
(67,14,'2025-01-29 18:56:31.161','2025-01-29 18:56:31.161'),
(68,15,'2025-01-29 18:56:31.161','2025-01-29 18:56:31.161'),
(69,16,'2025-01-29 18:56:31.162','2025-01-29 18:56:31.162'),
(70,18,'2025-01-29 18:56:31.164','2025-01-29 18:56:31.164'),
(71,19,'2025-01-29 18:56:31.162','2025-01-29 18:56:31.162'),
(72,20,'2025-01-29 18:56:31.162','2025-01-29 18:56:31.162'),
(73,21,'2025-01-29 18:56:31.163','2025-01-29 18:56:31.163'),
(74,23,'2025-01-29 18:56:31.163','2025-01-29 18:56:31.163'),
(75,22,'2025-01-29 18:56:31.163','2025-01-29 18:56:31.163'),
(76,24,'2025-01-29 18:56:31.165','2025-01-29 18:56:31.165'),
(77,25,'2025-01-29 18:56:31.164','2025-01-29 18:56:31.164'),
(78,26,'2025-01-29 18:56:31.165','2025-01-29 18:56:31.165'),
(118,31,'2025-01-29 18:56:31.535','2025-01-29 18:56:31.535'),
(119,27,'2025-01-29 18:56:31.537','2025-01-29 18:56:31.537'),
(120,28,'2025-01-29 18:56:31.539','2025-01-29 18:56:31.539'),
(121,30,'2025-01-29 18:56:31.535','2025-01-29 18:56:31.535'),
(122,32,'2025-01-29 18:56:31.538','2025-01-29 18:56:31.538'),
(123,29,'2025-01-29 18:56:31.540','2025-01-29 18:56:31.540'),
(124,33,'2025-01-29 18:56:31.541','2025-01-29 18:56:31.541'),
(125,34,'2025-01-29 18:56:31.541','2025-01-29 18:56:31.541'),
(126,36,'2025-01-29 18:56:31.542','2025-01-29 18:56:31.542'),
(127,37,'2025-01-29 18:56:31.543','2025-01-29 18:56:31.543'),
(128,35,'2025-01-29 18:56:31.543','2025-01-29 18:56:31.543'),
(129,38,'2025-01-29 18:56:31.545','2025-01-29 18:56:31.545'),
(130,39,'2025-01-29 18:56:31.544','2025-01-29 18:56:31.544'),
(162,40,'2025-01-29 18:56:31.763','2025-01-29 18:56:31.763'),
(163,43,'2025-01-29 18:56:31.764','2025-01-29 18:56:31.764'),
(164,42,'2025-01-29 18:56:31.763','2025-01-29 18:56:31.763'),
(165,41,'2025-01-29 18:56:31.763','2025-01-29 18:56:31.763'),
(166,44,'2025-01-29 18:56:31.764','2025-01-29 18:56:31.764');
/*!40000 ALTER TABLE `commercial_contact` ENABLE KEYS */;
UNLOCK TABLES;

--
-- Table structure for table `commercial_image`
--

DROP TABLE IF EXISTS `commercial_image`;
/*!40101 SET @saved_cs_client     = @@character_set_client */;
/*!40101 SET character_set_client = utf8 */;
CREATE TABLE `commercial_image` (
  `imageId` int(11) NOT NULL,
  `commercial_contactId` int(11) NOT NULL,
  `created_at` datetime(3) NOT NULL DEFAULT current_timestamp(3),
  `update_at` datetime(3) NOT NULL DEFAULT current_timestamp(3),
  PRIMARY KEY (`imageId`,`commercial_contactId`),
  KEY `commercial_image_commercial_contactId_fkey` (`commercial_contactId`),
  CONSTRAINT `commercial_image_commercial_contactId_fkey` FOREIGN KEY (`commercial_contactId`) REFERENCES `sector` (`id`) ON DELETE CASCADE ON UPDATE CASCADE,
  CONSTRAINT `commercial_image_imageId_fkey` FOREIGN KEY (`imageId`) REFERENCES `imagem` (`id`) ON DELETE CASCADE ON UPDATE CASCADE
) ENGINE=InnoDB DEFAULT CHARSET=utf8mb4 COLLATE=utf8mb4_unicode_ci;
/*!40101 SET character_set_client = @saved_cs_client */;

--
-- Dumping data for table `commercial_image`
--

LOCK TABLES `commercial_image` WRITE;
/*!40000 ALTER TABLE `commercial_image` DISABLE KEYS */;
INSERT INTO `commercial_image` VALUES
(53,14,'2025-01-29 18:56:30.790','2025-01-29 18:56:30.790'),
(54,16,'2025-01-29 18:56:30.795','2025-01-29 18:56:30.795'),
(55,18,'2025-01-29 18:56:30.792','2025-01-29 18:56:30.792'),
(56,15,'2025-01-29 18:56:30.793','2025-01-29 18:56:30.793'),
(57,17,'2025-01-29 18:56:30.795','2025-01-29 18:56:30.795'),
(58,20,'2025-01-29 18:56:30.794','2025-01-29 18:56:30.794'),
(59,19,'2025-01-29 18:56:30.790','2025-01-29 18:56:30.790'),
(60,22,'2025-01-29 18:56:30.790','2025-01-29 18:56:30.790'),
(61,23,'2025-01-29 18:56:30.792','2025-01-29 18:56:30.792'),
(62,21,'2025-01-29 18:56:30.790','2025-01-29 18:56:30.790'),
(63,24,'2025-01-29 18:56:30.795','2025-01-29 18:56:30.795'),
(64,26,'2025-01-29 18:56:30.791','2025-01-29 18:56:30.791'),
(65,25,'2025-01-29 18:56:30.791','2025-01-29 18:56:30.791'),
(118,67,'2025-01-29 18:56:31.281','2025-01-29 18:56:31.281'),
(119,66,'2025-01-29 18:56:31.281','2025-01-29 18:56:31.281'),
(120,68,'2025-01-29 18:56:31.281','2025-01-29 18:56:31.281'),
(121,71,'2025-01-29 18:56:31.281','2025-01-29 18:56:31.281'),
(122,69,'2025-01-29 18:56:31.281','2025-01-29 18:56:31.281'),
(123,72,'2025-01-29 18:56:31.282','2025-01-29 18:56:31.282'),
(124,73,'2025-01-29 18:56:31.282','2025-01-29 18:56:31.282'),
(125,74,'2025-01-29 18:56:31.283','2025-01-29 18:56:31.283'),
(126,75,'2025-01-29 18:56:31.282','2025-01-29 18:56:31.282'),
(127,70,'2025-01-29 18:56:31.283','2025-01-29 18:56:31.283'),
(128,77,'2025-01-29 18:56:31.284','2025-01-29 18:56:31.284'),
(129,76,'2025-01-29 18:56:31.284','2025-01-29 18:56:31.284'),
(130,78,'2025-01-29 18:56:31.284','2025-01-29 18:56:31.284'),
(183,118,'2025-01-29 18:56:31.641','2025-01-29 18:56:31.641'),
(184,121,'2025-01-29 18:56:31.642','2025-01-29 18:56:31.642'),
(185,119,'2025-01-29 18:56:31.641','2025-01-29 18:56:31.641'),
(186,122,'2025-01-29 18:56:31.642','2025-01-29 18:56:31.642'),
(187,120,'2025-01-29 18:56:31.641','2025-01-29 18:56:31.641'),
(188,123,'2025-01-29 18:56:31.641','2025-01-29 18:56:31.641'),
(189,124,'2025-01-29 18:56:31.642','2025-01-29 18:56:31.642'),
(190,125,'2025-01-29 18:56:31.643','2025-01-29 18:56:31.643'),
(191,126,'2025-01-29 18:56:31.643','2025-01-29 18:56:31.643'),
(192,127,'2025-01-29 18:56:31.643','2025-01-29 18:56:31.643'),
(193,128,'2025-01-29 18:56:31.643','2025-01-29 18:56:31.643'),
(194,130,'2025-01-29 18:56:31.644','2025-01-29 18:56:31.644'),
(195,129,'2025-01-29 18:56:31.644','2025-01-29 18:56:31.644'),
(216,164,'2025-01-29 18:56:31.795','2025-01-29 18:56:31.795'),
(217,162,'2025-01-29 18:56:31.795','2025-01-29 18:56:31.795'),
(218,163,'2025-01-29 18:56:31.796','2025-01-29 18:56:31.796'),
(219,165,'2025-01-29 18:56:31.795','2025-01-29 18:56:31.795'),
(220,166,'2025-01-29 18:56:31.795','2025-01-29 18:56:31.795');
/*!40000 ALTER TABLE `commercial_image` ENABLE KEYS */;
UNLOCK TABLES;

--
-- Table structure for table `company_address`
--

DROP TABLE IF EXISTS `company_address`;
/*!40101 SET @saved_cs_client     = @@character_set_client */;
/*!40101 SET character_set_client = utf8 */;
CREATE TABLE `company_address` (
  `id` int(11) NOT NULL AUTO_INCREMENT,
  `adressId` int(11) NOT NULL,
  `clientId` int(11) NOT NULL,
  `created_at` datetime(3) NOT NULL DEFAULT current_timestamp(3),
  `update_at` datetime(3) NOT NULL DEFAULT current_timestamp(3),
  PRIMARY KEY (`id`),
  KEY `company_address_clientId_fkey` (`clientId`),
  KEY `company_address_adressId_fkey` (`adressId`),
  CONSTRAINT `company_address_adressId_fkey` FOREIGN KEY (`adressId`) REFERENCES `address` (`id`) ON DELETE CASCADE ON UPDATE CASCADE,
  CONSTRAINT `company_address_clientId_fkey` FOREIGN KEY (`clientId`) REFERENCES `client` (`id`) ON DELETE CASCADE ON UPDATE CASCADE
) ENGINE=InnoDB AUTO_INCREMENT=45 DEFAULT CHARSET=utf8mb4 COLLATE=utf8mb4_unicode_ci;
/*!40101 SET character_set_client = @saved_cs_client */;

--
-- Dumping data for table `company_address`
--

LOCK TABLES `company_address` WRITE;
/*!40000 ALTER TABLE `company_address` DISABLE KEYS */;
INSERT INTO `company_address` VALUES
(1,5,4,'2025-01-29 18:56:30.676','2025-01-29 18:56:30.676'),
(2,1,3,'2025-01-29 18:56:30.677','2025-01-29 18:56:30.677'),
(3,4,12,'2025-01-29 18:56:30.678','2025-01-29 18:56:30.678'),
(4,7,7,'2025-01-29 18:56:30.677','2025-01-29 18:56:30.677'),
(5,6,2,'2025-01-29 18:56:30.679','2025-01-29 18:56:30.679'),
(6,10,11,'2025-01-29 18:56:30.676','2025-01-29 18:56:30.676'),
(7,9,5,'2025-01-29 18:56:30.678','2025-01-29 18:56:30.678'),
(8,11,1,'2025-01-29 18:56:30.679','2025-01-29 18:56:30.679'),
(9,2,10,'2025-01-29 18:56:30.677','2025-01-29 18:56:30.677'),
(10,8,13,'2025-01-29 18:56:30.679','2025-01-29 18:56:30.679'),
(11,3,8,'2025-01-29 18:56:30.676','2025-01-29 18:56:30.676'),
(12,13,9,'2025-01-29 18:56:30.680','2025-01-29 18:56:30.680'),
(13,12,6,'2025-01-29 18:56:30.679','2025-01-29 18:56:30.679'),
(14,29,17,'2025-01-29 18:56:31.137','2025-01-29 18:56:31.137'),
(15,27,14,'2025-01-29 18:56:31.137','2025-01-29 18:56:31.137'),
(16,28,15,'2025-01-29 18:56:31.138','2025-01-29 18:56:31.138'),
(17,32,19,'2025-01-29 18:56:31.138','2025-01-29 18:56:31.138'),
(18,30,16,'2025-01-29 18:56:31.139','2025-01-29 18:56:31.139'),
(19,33,20,'2025-01-29 18:56:31.140','2025-01-29 18:56:31.140'),
(20,34,21,'2025-01-29 18:56:31.141','2025-01-29 18:56:31.141'),
(21,35,22,'2025-01-29 18:56:31.142','2025-01-29 18:56:31.142'),
(22,36,23,'2025-01-29 18:56:31.142','2025-01-29 18:56:31.142'),
(23,31,18,'2025-01-29 18:56:31.143','2025-01-29 18:56:31.143'),
(24,38,25,'2025-01-29 18:56:31.144','2025-01-29 18:56:31.144'),
(25,37,24,'2025-01-29 18:56:31.144','2025-01-29 18:56:31.144'),
(26,39,26,'2025-01-29 18:56:31.145','2025-01-29 18:56:31.145'),
(27,54,27,'2025-01-29 18:56:31.517','2025-01-29 18:56:31.517'),
(28,57,31,'2025-01-29 18:56:31.517','2025-01-29 18:56:31.517'),
(29,56,30,'2025-01-29 18:56:31.518','2025-01-29 18:56:31.518'),
(30,58,32,'2025-01-29 18:56:31.518','2025-01-29 18:56:31.518'),
(31,53,28,'2025-01-29 18:56:31.519','2025-01-29 18:56:31.519'),
(32,55,29,'2025-01-29 18:56:31.519','2025-01-29 18:56:31.519'),
(33,60,34,'2025-01-29 18:56:31.519','2025-01-29 18:56:31.519'),
(34,59,33,'2025-01-29 18:56:31.520','2025-01-29 18:56:31.520'),
(35,61,36,'2025-01-29 18:56:31.520','2025-01-29 18:56:31.520'),
(36,63,37,'2025-01-29 18:56:31.521','2025-01-29 18:56:31.521'),
(37,62,35,'2025-01-29 18:56:31.521','2025-01-29 18:56:31.521'),
(38,65,39,'2025-01-29 18:56:31.522','2025-01-29 18:56:31.522'),
(39,64,38,'2025-01-29 18:56:31.522','2025-01-29 18:56:31.522'),
(40,82,42,'2025-01-29 18:56:31.757','2025-01-29 18:56:31.757'),
(41,79,40,'2025-01-29 18:56:31.757','2025-01-29 18:56:31.757'),
(42,81,41,'2025-01-29 18:56:31.758','2025-01-29 18:56:31.758'),
(43,80,43,'2025-01-29 18:56:31.758','2025-01-29 18:56:31.758'),
(44,83,44,'2025-01-29 18:56:31.758','2025-01-29 18:56:31.758');
/*!40000 ALTER TABLE `company_address` ENABLE KEYS */;
UNLOCK TABLES;

--
-- Table structure for table `delivery_address`
--

DROP TABLE IF EXISTS `delivery_address`;
/*!40101 SET @saved_cs_client     = @@character_set_client */;
/*!40101 SET character_set_client = utf8 */;
CREATE TABLE `delivery_address` (
  `id` int(11) NOT NULL AUTO_INCREMENT,
  `adressId` int(11) NOT NULL,
  `clientId` int(11) NOT NULL,
  `created_at` datetime(3) NOT NULL DEFAULT current_timestamp(3),
  `update_at` datetime(3) NOT NULL DEFAULT current_timestamp(3),
  PRIMARY KEY (`id`),
  KEY `delivery_address_clientId_fkey` (`clientId`),
  KEY `delivery_address_adressId_fkey` (`adressId`),
  CONSTRAINT `delivery_address_adressId_fkey` FOREIGN KEY (`adressId`) REFERENCES `address` (`id`) ON DELETE CASCADE ON UPDATE CASCADE,
  CONSTRAINT `delivery_address_clientId_fkey` FOREIGN KEY (`clientId`) REFERENCES `client` (`id`) ON DELETE CASCADE ON UPDATE CASCADE
) ENGINE=InnoDB AUTO_INCREMENT=45 DEFAULT CHARSET=utf8mb4 COLLATE=utf8mb4_unicode_ci;
/*!40101 SET character_set_client = @saved_cs_client */;

--
-- Dumping data for table `delivery_address`
--

LOCK TABLES `delivery_address` WRITE;
/*!40000 ALTER TABLE `delivery_address` DISABLE KEYS */;
INSERT INTO `delivery_address` VALUES
(1,21,5,'2025-01-29 18:56:30.662','2025-01-29 18:56:30.662'),
(2,15,8,'2025-01-29 18:56:30.661','2025-01-29 18:56:30.661'),
(3,16,10,'2025-01-29 18:56:30.660','2025-01-29 18:56:30.660'),
(4,14,3,'2025-01-29 18:56:30.660','2025-01-29 18:56:30.660'),
(5,18,4,'2025-01-29 18:56:30.660','2025-01-29 18:56:30.660'),
(6,23,11,'2025-01-29 18:56:30.663','2025-01-29 18:56:30.663'),
(7,17,12,'2025-01-29 18:56:30.661','2025-01-29 18:56:30.661'),
(8,20,7,'2025-01-29 18:56:30.661','2025-01-29 18:56:30.661'),
(9,19,2,'2025-01-29 18:56:30.662','2025-01-29 18:56:30.662'),
(10,22,13,'2025-01-29 18:56:30.665','2025-01-29 18:56:30.665'),
(11,24,1,'2025-01-29 18:56:30.665','2025-01-29 18:56:30.665'),
(12,26,9,'2025-01-29 18:56:30.666','2025-01-29 18:56:30.666'),
(13,25,6,'2025-01-29 18:56:30.666','2025-01-29 18:56:30.666'),
(14,40,14,'2025-01-29 18:56:31.116','2025-01-29 18:56:31.116'),
(15,41,17,'2025-01-29 18:56:31.117','2025-01-29 18:56:31.117'),
(16,42,15,'2025-01-29 18:56:31.117','2025-01-29 18:56:31.117'),
(17,45,19,'2025-01-29 18:56:31.117','2025-01-29 18:56:31.117'),
(18,43,16,'2025-01-29 18:56:31.118','2025-01-29 18:56:31.118'),
(19,46,20,'2025-01-29 18:56:31.118','2025-01-29 18:56:31.118'),
(20,47,21,'2025-01-29 18:56:31.119','2025-01-29 18:56:31.119'),
(21,49,22,'2025-01-29 18:56:31.120','2025-01-29 18:56:31.120'),
(22,48,23,'2025-01-29 18:56:31.120','2025-01-29 18:56:31.120'),
(23,44,18,'2025-01-29 18:56:31.121','2025-01-29 18:56:31.121'),
(24,51,25,'2025-01-29 18:56:31.121','2025-01-29 18:56:31.121'),
(25,50,24,'2025-01-29 18:56:31.122','2025-01-29 18:56:31.122'),
(26,52,26,'2025-01-29 18:56:31.122','2025-01-29 18:56:31.122'),
(27,69,31,'2025-01-29 18:56:31.496','2025-01-29 18:56:31.496'),
(28,70,30,'2025-01-29 18:56:31.497','2025-01-29 18:56:31.497'),
(29,67,27,'2025-01-29 18:56:31.497','2025-01-29 18:56:31.497'),
(30,71,32,'2025-01-29 18:56:31.498','2025-01-29 18:56:31.498'),
(31,68,28,'2025-01-29 18:56:31.500','2025-01-29 18:56:31.500'),
(32,66,29,'2025-01-29 18:56:31.501','2025-01-29 18:56:31.501'),
(33,72,33,'2025-01-29 18:56:31.501','2025-01-29 18:56:31.501'),
(34,73,34,'2025-01-29 18:56:31.502','2025-01-29 18:56:31.502'),
(35,74,36,'2025-01-29 18:56:31.502','2025-01-29 18:56:31.502'),
(36,76,37,'2025-01-29 18:56:31.503','2025-01-29 18:56:31.503'),
(37,75,35,'2025-01-29 18:56:31.503','2025-01-29 18:56:31.503'),
(38,78,39,'2025-01-29 18:56:31.503','2025-01-29 18:56:31.503'),
(39,77,38,'2025-01-29 18:56:31.504','2025-01-29 18:56:31.504'),
(40,87,42,'2025-01-29 18:56:31.751','2025-01-29 18:56:31.751'),
(41,85,40,'2025-01-29 18:56:31.751','2025-01-29 18:56:31.751'),
(42,84,41,'2025-01-29 18:56:31.751','2025-01-29 18:56:31.751'),
(43,86,43,'2025-01-29 18:56:31.751','2025-01-29 18:56:31.751'),
(44,88,44,'2025-01-29 18:56:31.752','2025-01-29 18:56:31.752');
/*!40000 ALTER TABLE `delivery_address` ENABLE KEYS */;
UNLOCK TABLES;

--
-- Table structure for table `emails`
--

DROP TABLE IF EXISTS `emails`;
/*!40101 SET @saved_cs_client     = @@character_set_client */;
/*!40101 SET character_set_client = utf8 */;
CREATE TABLE `emails` (
  `id` int(11) NOT NULL AUTO_INCREMENT,
  `adm_id` int(11) NOT NULL,
  `email` varchar(191) NOT NULL,
  `created_at` datetime(3) NOT NULL DEFAULT current_timestamp(3),
  `update_at` datetime(3) NOT NULL DEFAULT current_timestamp(3),
  PRIMARY KEY (`id`),
  KEY `emails_adm_id_fkey` (`adm_id`),
  CONSTRAINT `emails_adm_id_fkey` FOREIGN KEY (`adm_id`) REFERENCES `adm` (`id`) ON DELETE CASCADE ON UPDATE CASCADE
) ENGINE=InnoDB DEFAULT CHARSET=utf8mb4 COLLATE=utf8mb4_unicode_ci;
/*!40101 SET character_set_client = @saved_cs_client */;

--
-- Dumping data for table `emails`
--

LOCK TABLES `emails` WRITE;
/*!40000 ALTER TABLE `emails` DISABLE KEYS */;
/*!40000 ALTER TABLE `emails` ENABLE KEYS */;
UNLOCK TABLES;

--
-- Table structure for table `financial_contact`
--

DROP TABLE IF EXISTS `financial_contact`;
/*!40101 SET @saved_cs_client     = @@character_set_client */;
/*!40101 SET character_set_client = utf8 */;
CREATE TABLE `financial_contact` (
  `sectorId` int(11) NOT NULL,
  `clientId` int(11) NOT NULL,
  `created_at` datetime(3) NOT NULL DEFAULT current_timestamp(3),
  `update_at` datetime(3) NOT NULL DEFAULT current_timestamp(3),
  PRIMARY KEY (`sectorId`,`clientId`),
  KEY `financial_contact_clientId_fkey` (`clientId`),
  CONSTRAINT `financial_contact_clientId_fkey` FOREIGN KEY (`clientId`) REFERENCES `client` (`id`) ON DELETE CASCADE ON UPDATE CASCADE,
  CONSTRAINT `financial_contact_sectorId_fkey` FOREIGN KEY (`sectorId`) REFERENCES `sector` (`id`) ON DELETE CASCADE ON UPDATE CASCADE
) ENGINE=InnoDB DEFAULT CHARSET=utf8mb4 COLLATE=utf8mb4_unicode_ci;
/*!40101 SET character_set_client = @saved_cs_client */;

--
-- Dumping data for table `financial_contact`
--

LOCK TABLES `financial_contact` WRITE;
/*!40000 ALTER TABLE `financial_contact` DISABLE KEYS */;
INSERT INTO `financial_contact` VALUES
(27,3,'2025-01-29 18:56:30.742','2025-01-29 18:56:30.742'),
(28,4,'2025-01-29 18:56:30.742','2025-01-29 18:56:30.742'),
(29,12,'2025-01-29 18:56:30.742','2025-01-29 18:56:30.742'),
(30,8,'2025-01-29 18:56:30.743','2025-01-29 18:56:30.743'),
(31,10,'2025-01-29 18:56:30.743','2025-01-29 18:56:30.743'),
(32,2,'2025-01-29 18:56:30.743','2025-01-29 18:56:30.743'),
(33,7,'2025-01-29 18:56:30.744','2025-01-29 18:56:30.744'),
(34,13,'2025-01-29 18:56:30.741','2025-01-29 18:56:30.741'),
(35,11,'2025-01-29 18:56:30.742','2025-01-29 18:56:30.742'),
(36,5,'2025-01-29 18:56:30.742','2025-01-29 18:56:30.742'),
(37,6,'2025-01-29 18:56:30.743','2025-01-29 18:56:30.743'),
(38,1,'2025-01-29 18:56:30.742','2025-01-29 18:56:30.742'),
(39,9,'2025-01-29 18:56:30.743','2025-01-29 18:56:30.743'),
(79,17,'2025-01-29 18:56:31.221','2025-01-29 18:56:31.221'),
(80,14,'2025-01-29 18:56:31.221','2025-01-29 18:56:31.221'),
(81,15,'2025-01-29 18:56:31.222','2025-01-29 18:56:31.222'),
(82,16,'2025-01-29 18:56:31.224','2025-01-29 18:56:31.224'),
(83,18,'2025-01-29 18:56:31.227','2025-01-29 18:56:31.227'),
(84,19,'2025-01-29 18:56:31.223','2025-01-29 18:56:31.223'),
(85,20,'2025-01-29 18:56:31.225','2025-01-29 18:56:31.225'),
(86,21,'2025-01-29 18:56:31.226','2025-01-29 18:56:31.226'),
(87,23,'2025-01-29 18:56:31.226','2025-01-29 18:56:31.226'),
(88,22,'2025-01-29 18:56:31.225','2025-01-29 18:56:31.225'),
(89,24,'2025-01-29 18:56:31.228','2025-01-29 18:56:31.228'),
(90,25,'2025-01-29 18:56:31.227','2025-01-29 18:56:31.227'),
(91,26,'2025-01-29 18:56:31.228','2025-01-29 18:56:31.228'),
(131,31,'2025-01-29 18:56:31.598','2025-01-29 18:56:31.598'),
(132,28,'2025-01-29 18:56:31.599','2025-01-29 18:56:31.599'),
(133,27,'2025-01-29 18:56:31.599','2025-01-29 18:56:31.599'),
(134,30,'2025-01-29 18:56:31.598','2025-01-29 18:56:31.598'),
(135,32,'2025-01-29 18:56:31.600','2025-01-29 18:56:31.600'),
(136,29,'2025-01-29 18:56:31.600','2025-01-29 18:56:31.600'),
(137,33,'2025-01-29 18:56:31.600','2025-01-29 18:56:31.600'),
(138,34,'2025-01-29 18:56:31.601','2025-01-29 18:56:31.601'),
(139,36,'2025-01-29 18:56:31.601','2025-01-29 18:56:31.601'),
(140,37,'2025-01-29 18:56:31.601','2025-01-29 18:56:31.601'),
(141,35,'2025-01-29 18:56:31.601','2025-01-29 18:56:31.601'),
(142,38,'2025-01-29 18:56:31.602','2025-01-29 18:56:31.602'),
(143,39,'2025-01-29 18:56:31.602','2025-01-29 18:56:31.602'),
(167,40,'2025-01-29 18:56:31.779','2025-01-29 18:56:31.779'),
(168,42,'2025-01-29 18:56:31.779','2025-01-29 18:56:31.779'),
(169,43,'2025-01-29 18:56:31.780','2025-01-29 18:56:31.780'),
(170,41,'2025-01-29 18:56:31.780','2025-01-29 18:56:31.780'),
(171,44,'2025-01-29 18:56:31.780','2025-01-29 18:56:31.780');
/*!40000 ALTER TABLE `financial_contact` ENABLE KEYS */;
UNLOCK TABLES;

--
-- Table structure for table `financial_image`
--

DROP TABLE IF EXISTS `financial_image`;
/*!40101 SET @saved_cs_client     = @@character_set_client */;
/*!40101 SET character_set_client = utf8 */;
CREATE TABLE `financial_image` (
  `imageId` int(11) NOT NULL,
  `financial_contactId` int(11) NOT NULL,
  `created_at` datetime(3) NOT NULL DEFAULT current_timestamp(3),
  `update_at` datetime(3) NOT NULL DEFAULT current_timestamp(3),
  PRIMARY KEY (`imageId`,`financial_contactId`),
  KEY `financial_image_financial_contactId_fkey` (`financial_contactId`),
  CONSTRAINT `financial_image_financial_contactId_fkey` FOREIGN KEY (`financial_contactId`) REFERENCES `sector` (`id`) ON DELETE CASCADE ON UPDATE CASCADE,
  CONSTRAINT `financial_image_imageId_fkey` FOREIGN KEY (`imageId`) REFERENCES `imagem` (`id`) ON DELETE CASCADE ON UPDATE CASCADE
) ENGINE=InnoDB DEFAULT CHARSET=utf8mb4 COLLATE=utf8mb4_unicode_ci;
/*!40101 SET character_set_client = @saved_cs_client */;

--
-- Dumping data for table `financial_image`
--

LOCK TABLES `financial_image` WRITE;
/*!40000 ALTER TABLE `financial_image` DISABLE KEYS */;
INSERT INTO `financial_image` VALUES
(1,28,'2025-01-29 18:56:30.758','2025-01-29 18:56:30.758'),
(2,27,'2025-01-29 18:56:30.759','2025-01-29 18:56:30.759'),
(3,31,'2025-01-29 18:56:30.757','2025-01-29 18:56:30.757'),
(4,30,'2025-01-29 18:56:30.761','2025-01-29 18:56:30.761'),
(5,29,'2025-01-29 18:56:30.760','2025-01-29 18:56:30.760'),
(6,32,'2025-01-29 18:56:30.760','2025-01-29 18:56:30.760'),
(7,33,'2025-01-29 18:56:30.759','2025-01-29 18:56:30.759'),
(8,35,'2025-01-29 18:56:30.758','2025-01-29 18:56:30.758'),
(9,34,'2025-01-29 18:56:30.757','2025-01-29 18:56:30.757'),
(10,38,'2025-01-29 18:56:30.760','2025-01-29 18:56:30.760'),
(11,36,'2025-01-29 18:56:30.757','2025-01-29 18:56:30.757'),
(12,37,'2025-01-29 18:56:30.757','2025-01-29 18:56:30.757'),
(13,39,'2025-01-29 18:56:30.759','2025-01-29 18:56:30.759'),
(66,79,'2025-01-29 18:56:31.243','2025-01-29 18:56:31.243'),
(67,80,'2025-01-29 18:56:31.242','2025-01-29 18:56:31.242'),
(68,81,'2025-01-29 18:56:31.243','2025-01-29 18:56:31.243'),
(69,82,'2025-01-29 18:56:31.244','2025-01-29 18:56:31.244'),
(70,84,'2025-01-29 18:56:31.243','2025-01-29 18:56:31.243'),
(71,83,'2025-01-29 18:56:31.246','2025-01-29 18:56:31.246'),
(72,85,'2025-01-29 18:56:31.245','2025-01-29 18:56:31.245'),
(73,86,'2025-01-29 18:56:31.245','2025-01-29 18:56:31.245'),
(74,87,'2025-01-29 18:56:31.246','2025-01-29 18:56:31.246'),
(75,88,'2025-01-29 18:56:31.245','2025-01-29 18:56:31.245'),
(76,89,'2025-01-29 18:56:31.247','2025-01-29 18:56:31.247'),
(77,90,'2025-01-29 18:56:31.246','2025-01-29 18:56:31.246'),
(78,91,'2025-01-29 18:56:31.247','2025-01-29 18:56:31.247'),
(131,134,'2025-01-29 18:56:31.613','2025-01-29 18:56:31.613'),
(132,133,'2025-01-29 18:56:31.614','2025-01-29 18:56:31.614'),
(133,131,'2025-01-29 18:56:31.613','2025-01-29 18:56:31.613'),
(134,135,'2025-01-29 18:56:31.614','2025-01-29 18:56:31.614'),
(135,136,'2025-01-29 18:56:31.614','2025-01-29 18:56:31.614'),
(136,132,'2025-01-29 18:56:31.614','2025-01-29 18:56:31.614'),
(137,137,'2025-01-29 18:56:31.614','2025-01-29 18:56:31.614'),
(138,138,'2025-01-29 18:56:31.615','2025-01-29 18:56:31.615'),
(139,140,'2025-01-29 18:56:31.615','2025-01-29 18:56:31.615'),
(140,139,'2025-01-29 18:56:31.615','2025-01-29 18:56:31.615'),
(141,141,'2025-01-29 18:56:31.616','2025-01-29 18:56:31.616'),
(142,142,'2025-01-29 18:56:31.616','2025-01-29 18:56:31.616'),
(143,143,'2025-01-29 18:56:31.616','2025-01-29 18:56:31.616'),
(196,168,'2025-01-29 18:56:31.785','2025-01-29 18:56:31.785'),
(197,167,'2025-01-29 18:56:31.784','2025-01-29 18:56:31.784'),
(198,169,'2025-01-29 18:56:31.784','2025-01-29 18:56:31.784'),
(199,170,'2025-01-29 18:56:31.784','2025-01-29 18:56:31.784'),
(200,171,'2025-01-29 18:56:31.785','2025-01-29 18:56:31.785');
/*!40000 ALTER TABLE `financial_image` ENABLE KEYS */;
UNLOCK TABLES;

--
-- Table structure for table `image_company`
--

DROP TABLE IF EXISTS `image_company`;
/*!40101 SET @saved_cs_client     = @@character_set_client */;
/*!40101 SET character_set_client = utf8 */;
CREATE TABLE `image_company` (
  `companyId` int(11) NOT NULL,
  `imageId` int(11) NOT NULL,
  `created_at` datetime(3) NOT NULL DEFAULT current_timestamp(3),
  `update_at` datetime(3) NOT NULL DEFAULT current_timestamp(3),
  PRIMARY KEY (`companyId`,`imageId`),
  KEY `image_company_imageId_fkey` (`imageId`),
  CONSTRAINT `image_company_companyId_fkey` FOREIGN KEY (`companyId`) REFERENCES `client` (`id`) ON DELETE CASCADE ON UPDATE CASCADE,
  CONSTRAINT `image_company_imageId_fkey` FOREIGN KEY (`imageId`) REFERENCES `imagem` (`id`) ON DELETE CASCADE ON UPDATE CASCADE
) ENGINE=InnoDB DEFAULT CHARSET=utf8mb4 COLLATE=utf8mb4_unicode_ci;
/*!40101 SET character_set_client = @saved_cs_client */;

--
-- Dumping data for table `image_company`
--

LOCK TABLES `image_company` WRITE;
/*!40000 ALTER TABLE `image_company` DISABLE KEYS */;
INSERT INTO `image_company` VALUES
(1,38,'2025-01-29 18:56:30.827','2025-01-29 18:56:30.827'),
(2,33,'2025-01-29 18:56:30.824','2025-01-29 18:56:30.824'),
(3,30,'2025-01-29 18:56:30.823','2025-01-29 18:56:30.823'),
(4,28,'2025-01-29 18:56:30.825','2025-01-29 18:56:30.825'),
(5,35,'2025-01-29 18:56:30.822','2025-01-29 18:56:30.822'),
(6,39,'2025-01-29 18:56:30.824','2025-01-29 18:56:30.824'),
(7,32,'2025-01-29 18:56:30.827','2025-01-29 18:56:30.827'),
(8,29,'2025-01-29 18:56:30.828','2025-01-29 18:56:30.828'),
(9,37,'2025-01-29 18:56:30.824','2025-01-29 18:56:30.824'),
(10,27,'2025-01-29 18:56:30.822','2025-01-29 18:56:30.822'),
(11,34,'2025-01-29 18:56:30.822','2025-01-29 18:56:30.822'),
(12,31,'2025-01-29 18:56:30.826','2025-01-29 18:56:30.826'),
(13,36,'2025-01-29 18:56:30.824','2025-01-29 18:56:30.824'),
(14,93,'2025-01-29 18:56:31.308','2025-01-29 18:56:31.308'),
(15,94,'2025-01-29 18:56:31.309','2025-01-29 18:56:31.309'),
(16,96,'2025-01-29 18:56:31.309','2025-01-29 18:56:31.309'),
(17,92,'2025-01-29 18:56:31.308','2025-01-29 18:56:31.308'),
(18,102,'2025-01-29 18:56:31.311','2025-01-29 18:56:31.311'),
(19,95,'2025-01-29 18:56:31.309','2025-01-29 18:56:31.309'),
(20,97,'2025-01-29 18:56:31.309','2025-01-29 18:56:31.309'),
(21,99,'2025-01-29 18:56:31.310','2025-01-29 18:56:31.310'),
(22,100,'2025-01-29 18:56:31.310','2025-01-29 18:56:31.310'),
(23,98,'2025-01-29 18:56:31.310','2025-01-29 18:56:31.310'),
(24,103,'2025-01-29 18:56:31.311','2025-01-29 18:56:31.311'),
(25,101,'2025-01-29 18:56:31.311','2025-01-29 18:56:31.311'),
(26,104,'2025-01-29 18:56:31.311','2025-01-29 18:56:31.311'),
(27,159,'2025-01-29 18:56:31.667','2025-01-29 18:56:31.667'),
(28,161,'2025-01-29 18:56:31.667','2025-01-29 18:56:31.667'),
(29,162,'2025-01-29 18:56:31.667','2025-01-29 18:56:31.667'),
(30,158,'2025-01-29 18:56:31.667','2025-01-29 18:56:31.667'),
(31,157,'2025-01-29 18:56:31.667','2025-01-29 18:56:31.667'),
(32,160,'2025-01-29 18:56:31.668','2025-01-29 18:56:31.668'),
(33,163,'2025-01-29 18:56:31.667','2025-01-29 18:56:31.667'),
(34,164,'2025-01-29 18:56:31.668','2025-01-29 18:56:31.668'),
(35,167,'2025-01-29 18:56:31.669','2025-01-29 18:56:31.669'),
(36,165,'2025-01-29 18:56:31.669','2025-01-29 18:56:31.669'),
(37,166,'2025-01-29 18:56:31.669','2025-01-29 18:56:31.669'),
(38,169,'2025-01-29 18:56:31.669','2025-01-29 18:56:31.669'),
(39,168,'2025-01-29 18:56:31.669','2025-01-29 18:56:31.669'),
(40,207,'2025-01-29 18:56:31.805','2025-01-29 18:56:31.805'),
(41,208,'2025-01-29 18:56:31.805','2025-01-29 18:56:31.805'),
(42,206,'2025-01-29 18:56:31.804','2025-01-29 18:56:31.804'),
(43,209,'2025-01-29 18:56:31.805','2025-01-29 18:56:31.805'),
(44,210,'2025-01-29 18:56:31.805','2025-01-29 18:56:31.805');
/*!40000 ALTER TABLE `image_company` ENABLE KEYS */;
UNLOCK TABLES;

--
-- Table structure for table `imagem`
--

DROP TABLE IF EXISTS `imagem`;
/*!40101 SET @saved_cs_client     = @@character_set_client */;
/*!40101 SET character_set_client = utf8 */;
CREATE TABLE `imagem` (
  `id` int(11) NOT NULL AUTO_INCREMENT,
  `path` varchar(191) DEFAULT NULL,
  `created_at` datetime(3) NOT NULL DEFAULT current_timestamp(3),
  `update_at` datetime(3) NOT NULL DEFAULT current_timestamp(3),
  PRIMARY KEY (`id`)
) ENGINE=InnoDB AUTO_INCREMENT=221 DEFAULT CHARSET=utf8mb4 COLLATE=utf8mb4_unicode_ci;
/*!40101 SET character_set_client = @saved_cs_client */;

--
-- Dumping data for table `imagem`
--

LOCK TABLES `imagem` WRITE;
/*!40000 ALTER TABLE `imagem` DISABLE KEYS */;
INSERT INTO `imagem` VALUES
(1,NULL,'2025-01-29 18:56:30.602','2025-01-29 18:56:30.602'),
(2,NULL,'2025-01-29 18:56:30.603','2025-01-29 18:56:30.603'),
(3,NULL,'2025-01-29 18:56:30.603','2025-01-29 18:56:30.603'),
(4,NULL,'2025-01-29 18:56:30.602','2025-01-29 18:56:30.602'),
(5,NULL,'2025-01-29 18:56:30.603','2025-01-29 18:56:30.603'),
(6,NULL,'2025-01-29 18:56:30.603','2025-01-29 18:56:30.603'),
(7,NULL,'2025-01-29 18:56:30.603','2025-01-29 18:56:30.603'),
(8,NULL,'2025-01-29 18:56:30.604','2025-01-29 18:56:30.604'),
(9,NULL,'2025-01-29 18:56:30.605','2025-01-29 18:56:30.605'),
(10,NULL,'2025-01-29 18:56:30.605','2025-01-29 18:56:30.605'),
(11,NULL,'2025-01-29 18:56:30.606','2025-01-29 18:56:30.606'),
(12,NULL,'2025-01-29 18:56:30.606','2025-01-29 18:56:30.606'),
(13,NULL,'2025-01-29 18:56:30.606','2025-01-29 18:56:30.606'),
(14,'https://bgtech.com.br/erp/assets/img_profile/17381752164958.png','2025-01-29 18:56:30.615','2025-01-29 18:56:30.615'),
(15,'https://bgtech.com.br/erp/assets/img_profile/17381752390103.png','2025-01-29 18:56:30.615','2025-01-29 18:56:30.615'),
(16,'https://bgtech.com.br/erp/assets/img_profile/17381752329708.png','2025-01-29 18:56:30.616','2025-01-29 18:56:30.616'),
(17,'https://bgtech.com.br/erp/assets/img_profile/17381752106726.png','2025-01-29 18:56:30.616','2025-01-29 18:56:30.616'),
(18,'https://bgtech.com.br/erp/assets/img_profile/17381751923328.png','2025-01-29 18:56:30.616','2025-01-29 18:56:30.616'),
(19,'https://bgtech.com.br/erp/assets/img_profile/17381751797222.png','2025-01-29 18:56:30.616','2025-01-29 18:56:30.616'),
(20,'https://bgtech.com.br/erp/assets/img_profile/17381752032006.png','2025-01-29 18:56:30.616','2025-01-29 18:56:30.616'),
(21,'https://bgtech.com.br/erp/assets/img_profile/17381752274279.png','2025-01-29 18:56:30.617','2025-01-29 18:56:30.617'),
(22,'https://bgtech.com.br/erp/assets/img_profile/17381752597995.png','2025-01-29 18:56:30.617','2025-01-29 18:56:30.617'),
(23,'https://bgtech.com.br/erp/assets/img_profile/17381751961114.png','2025-01-29 18:56:30.617','2025-01-29 18:56:30.617'),
(24,'https://bgtech.com.br/erp/assets/img_profile/17381752049154.png','2025-01-29 18:56:30.617','2025-01-29 18:56:30.617'),
(25,'https://bgtech.com.br/erp/assets/img_profile/17381752464916.png','2025-01-29 18:56:30.618','2025-01-29 18:56:30.618'),
(26,'https://bgtech.com.br/erp/assets/img_profile/17381752240655.png','2025-01-29 18:56:30.618','2025-01-29 18:56:30.618'),
(27,'https://bgtech.com.br/erp/assets/img_profile/17381752173144.png','2025-01-29 18:56:30.627','2025-01-29 18:56:30.627'),
(28,'https://bgtech.com.br/erp/assets/img_profile/17381752337958.png','2025-01-29 18:56:30.627','2025-01-29 18:56:30.627'),
(29,'https://bgtech.com.br/erp/assets/img_profile/17381752117719.png','2025-01-29 18:56:30.627','2025-01-29 18:56:30.627'),
(30,'https://bgtech.com.br/erp/assets/img_profile/17381752399495.png','2025-01-29 18:56:30.627','2025-01-29 18:56:30.627'),
(31,'https://bgtech.com.br/erp/assets/img_profile/17381751932134.png','2025-01-29 18:56:30.627','2025-01-29 18:56:30.627'),
(32,'https://bgtech.com.br/erp/assets/img_profile/17381751805491.png','2025-01-29 18:56:30.627','2025-01-29 18:56:30.627'),
(33,'https://bgtech.com.br/erp/assets/img_profile/1738175203994.png','2025-01-29 18:56:30.627','2025-01-29 18:56:30.627'),
(34,'https://bgtech.com.br/erp/assets/img_profile/1738175228227.png','2025-01-29 18:56:30.628','2025-01-29 18:56:30.628'),
(35,'https://bgtech.com.br/erp/assets/img_profile/17381751970389.png','2025-01-29 18:56:30.628','2025-01-29 18:56:30.628'),
(36,'https://bgtech.com.br/erp/assets/img_profile/17381752606384.png','2025-01-29 18:56:30.628','2025-01-29 18:56:30.628'),
(37,'https://bgtech.com.br/erp/assets/img_profile/17381752473094.png','2025-01-29 18:56:30.628','2025-01-29 18:56:30.628'),
(38,'https://bgtech.com.br/erp/assets/img_profile/17381752060543.png','2025-01-29 18:56:30.629','2025-01-29 18:56:30.629'),
(39,'https://bgtech.com.br/erp/assets/img_profile/17381752264565.png','2025-01-29 18:56:30.629','2025-01-29 18:56:30.629'),
(40,NULL,'2025-01-29 18:56:30.636','2025-01-29 18:56:30.636'),
(41,NULL,'2025-01-29 18:56:30.636','2025-01-29 18:56:30.636'),
(42,NULL,'2025-01-29 18:56:30.636','2025-01-29 18:56:30.636'),
(43,NULL,'2025-01-29 18:56:30.637','2025-01-29 18:56:30.637'),
(44,NULL,'2025-01-29 18:56:30.637','2025-01-29 18:56:30.637'),
(45,NULL,'2025-01-29 18:56:30.637','2025-01-29 18:56:30.637'),
(46,NULL,'2025-01-29 18:56:30.637','2025-01-29 18:56:30.637'),
(47,NULL,'2025-01-29 18:56:30.638','2025-01-29 18:56:30.638'),
(48,NULL,'2025-01-29 18:56:30.638','2025-01-29 18:56:30.638'),
(49,NULL,'2025-01-29 18:56:30.639','2025-01-29 18:56:30.639'),
(50,NULL,'2025-01-29 18:56:30.639','2025-01-29 18:56:30.639'),
(51,NULL,'2025-01-29 18:56:30.640','2025-01-29 18:56:30.640'),
(52,NULL,'2025-01-29 18:56:30.640','2025-01-29 18:56:30.640'),
(53,NULL,'2025-01-29 18:56:30.649','2025-01-29 18:56:30.649'),
(54,NULL,'2025-01-29 18:56:30.649','2025-01-29 18:56:30.649'),
(55,NULL,'2025-01-29 18:56:30.649','2025-01-29 18:56:30.649'),
(56,NULL,'2025-01-29 18:56:30.649','2025-01-29 18:56:30.649'),
(57,NULL,'2025-01-29 18:56:30.650','2025-01-29 18:56:30.650'),
(58,NULL,'2025-01-29 18:56:30.650','2025-01-29 18:56:30.650'),
(59,NULL,'2025-01-29 18:56:30.650','2025-01-29 18:56:30.650'),
(60,NULL,'2025-01-29 18:56:30.650','2025-01-29 18:56:30.650'),
(61,NULL,'2025-01-29 18:56:30.650','2025-01-29 18:56:30.650'),
(62,NULL,'2025-01-29 18:56:30.651','2025-01-29 18:56:30.651'),
(63,NULL,'2025-01-29 18:56:30.651','2025-01-29 18:56:30.651'),
(64,NULL,'2025-01-29 18:56:30.651','2025-01-29 18:56:30.651'),
(65,NULL,'2025-01-29 18:56:30.651','2025-01-29 18:56:30.651'),
(66,NULL,'2025-01-29 18:56:31.004','2025-01-29 18:56:31.004'),
(67,NULL,'2025-01-29 18:56:31.011','2025-01-29 18:56:31.011'),
(68,NULL,'2025-01-29 18:56:31.012','2025-01-29 18:56:31.012'),
(69,NULL,'2025-01-29 18:56:31.014','2025-01-29 18:56:31.014'),
(70,NULL,'2025-01-29 18:56:31.014','2025-01-29 18:56:31.014'),
(71,NULL,'2025-01-29 18:56:31.016','2025-01-29 18:56:31.016'),
(72,NULL,'2025-01-29 18:56:31.017','2025-01-29 18:56:31.017'),
(73,NULL,'2025-01-29 18:56:31.018','2025-01-29 18:56:31.018'),
(74,NULL,'2025-01-29 18:56:31.018','2025-01-29 18:56:31.018'),
(75,NULL,'2025-01-29 18:56:31.019','2025-01-29 18:56:31.019'),
(76,NULL,'2025-01-29 18:56:31.019','2025-01-29 18:56:31.019'),
(77,NULL,'2025-01-29 18:56:31.020','2025-01-29 18:56:31.020'),
(78,NULL,'2025-01-29 18:56:31.021','2025-01-29 18:56:31.021'),
(79,'https://bgtech.com.br/erp/assets/img_profile/17381752409702.png','2025-01-29 18:56:31.042','2025-01-29 18:56:31.042'),
(80,'https://bgtech.com.br/erp/assets/img_profile/17381752312302.png','2025-01-29 18:56:31.042','2025-01-29 18:56:31.042'),
(81,'https://bgtech.com.br/erp/assets/img_profile/17381752445402.png','2025-01-29 18:56:31.043','2025-01-29 18:56:31.043'),
(82,'https://bgtech.com.br/erp/assets/img_profile/1738175222012.png','2025-01-29 18:56:31.043','2025-01-29 18:56:31.043'),
(83,'https://bgtech.com.br/erp/assets/img_profile/17381752641342.png','2025-01-29 18:56:31.044','2025-01-29 18:56:31.044'),
(84,'https://bgtech.com.br/erp/assets/img_profile/17381752088065.png','2025-01-29 18:56:31.046','2025-01-29 18:56:31.046'),
(85,'https://bgtech.com.br/erp/assets/img_profile/17381751755306.png','2025-01-29 18:56:31.046','2025-01-29 18:56:31.046'),
(86,'https://bgtech.com.br/erp/assets/img_profile/17381751899605.png','2025-01-29 18:56:31.047','2025-01-29 18:56:31.047'),
(87,'https://bgtech.com.br/erp/assets/img_profile/17381751814643.png','2025-01-29 18:56:31.048','2025-01-29 18:56:31.048'),
(88,'https://bgtech.com.br/erp/assets/img_profile/17381752540693.png','2025-01-29 18:56:31.048','2025-01-29 18:56:31.048'),
(89,'https://bgtech.com.br/erp/assets/img_profile/1738175220068.png','2025-01-29 18:56:31.049','2025-01-29 18:56:31.049'),
(90,'https://bgtech.com.br/erp/assets/img_profile/17381751774714.png','2025-01-29 18:56:31.049','2025-01-29 18:56:31.049'),
(91,'https://bgtech.com.br/erp/assets/img_profile/1738175206965.png','2025-01-29 18:56:31.049','2025-01-29 18:56:31.049'),
(92,'https://bgtech.com.br/erp/assets/img_profile/17381752417835.png','2025-01-29 18:56:31.060','2025-01-29 18:56:31.060'),
(93,'https://bgtech.com.br/erp/assets/img_profile/17381752320537.png','2025-01-29 18:56:31.060','2025-01-29 18:56:31.060'),
(94,'https://bgtech.com.br/erp/assets/img_profile/17381752455644.png','2025-01-29 18:56:31.061','2025-01-29 18:56:31.061'),
(95,'https://bgtech.com.br/erp/assets/img_profile/17381752230398.png','2025-01-29 18:56:31.062','2025-01-29 18:56:31.062'),
(96,'https://bgtech.com.br/erp/assets/img_profile/17381752649054.png','2025-01-29 18:56:31.064','2025-01-29 18:56:31.064'),
(97,'https://bgtech.com.br/erp/assets/img_profile/17381751765488.png','2025-01-29 18:56:31.065','2025-01-29 18:56:31.065'),
(98,'https://bgtech.com.br/erp/assets/img_profile/17381751823154.png','2025-01-29 18:56:31.067','2025-01-29 18:56:31.067'),
(99,'https://bgtech.com.br/erp/assets/img_profile/17381751909848.png','2025-01-29 18:56:31.067','2025-01-29 18:56:31.067'),
(100,'https://bgtech.com.br/erp/assets/img_profile/17381752208898.png','2025-01-29 18:56:31.068','2025-01-29 18:56:31.068'),
(101,'https://bgtech.com.br/erp/assets/img_profile/17381752550872.png','2025-01-29 18:56:31.068','2025-01-29 18:56:31.068'),
(102,'https://bgtech.com.br/erp/assets/img_profile/17381752097325.png','2025-01-29 18:56:31.066','2025-01-29 18:56:31.066'),
(103,'https://bgtech.com.br/erp/assets/img_profile/1738175178802.png','2025-01-29 18:56:31.069','2025-01-29 18:56:31.069'),
(104,'https://bgtech.com.br/erp/assets/img_profile/17381752077848.png','2025-01-29 18:56:31.069','2025-01-29 18:56:31.069'),
(105,NULL,'2025-01-29 18:56:31.083','2025-01-29 18:56:31.083'),
(106,NULL,'2025-01-29 18:56:31.083','2025-01-29 18:56:31.083'),
(107,NULL,'2025-01-29 18:56:31.083','2025-01-29 18:56:31.083'),
(108,NULL,'2025-01-29 18:56:31.083','2025-01-29 18:56:31.083'),
(109,NULL,'2025-01-29 18:56:31.084','2025-01-29 18:56:31.084'),
(110,NULL,'2025-01-29 18:56:31.084','2025-01-29 18:56:31.084'),
(111,NULL,'2025-01-29 18:56:31.085','2025-01-29 18:56:31.085'),
(112,NULL,'2025-01-29 18:56:31.085','2025-01-29 18:56:31.085'),
(113,NULL,'2025-01-29 18:56:31.085','2025-01-29 18:56:31.085'),
(114,NULL,'2025-01-29 18:56:31.086','2025-01-29 18:56:31.086'),
(115,NULL,'2025-01-29 18:56:31.086','2025-01-29 18:56:31.086'),
(116,NULL,'2025-01-29 18:56:31.087','2025-01-29 18:56:31.087'),
(117,NULL,'2025-01-29 18:56:31.087','2025-01-29 18:56:31.087'),
(118,NULL,'2025-01-29 18:56:31.099','2025-01-29 18:56:31.099'),
(119,NULL,'2025-01-29 18:56:31.099','2025-01-29 18:56:31.099'),
(120,NULL,'2025-01-29 18:56:31.099','2025-01-29 18:56:31.099'),
(121,NULL,'2025-01-29 18:56:31.100','2025-01-29 18:56:31.100'),
(122,NULL,'2025-01-29 18:56:31.100','2025-01-29 18:56:31.100'),
(123,NULL,'2025-01-29 18:56:31.100','2025-01-29 18:56:31.100'),
(124,NULL,'2025-01-29 18:56:31.101','2025-01-29 18:56:31.101'),
(125,NULL,'2025-01-29 18:56:31.101','2025-01-29 18:56:31.101'),
(126,NULL,'2025-01-29 18:56:31.102','2025-01-29 18:56:31.102'),
(127,NULL,'2025-01-29 18:56:31.102','2025-01-29 18:56:31.102'),
(128,NULL,'2025-01-29 18:56:31.102','2025-01-29 18:56:31.102'),
(129,NULL,'2025-01-29 18:56:31.103','2025-01-29 18:56:31.103'),
(130,NULL,'2025-01-29 18:56:31.103','2025-01-29 18:56:31.103'),
(131,NULL,'2025-01-29 18:56:31.423','2025-01-29 18:56:31.423'),
(132,NULL,'2025-01-29 18:56:31.424','2025-01-29 18:56:31.424'),
(133,NULL,'2025-01-29 18:56:31.424','2025-01-29 18:56:31.424'),
(134,NULL,'2025-01-29 18:56:31.424','2025-01-29 18:56:31.424'),
(135,NULL,'2025-01-29 18:56:31.424','2025-01-29 18:56:31.424'),
(136,NULL,'2025-01-29 18:56:31.424','2025-01-29 18:56:31.424'),
(137,NULL,'2025-01-29 18:56:31.425','2025-01-29 18:56:31.425'),
(138,NULL,'2025-01-29 18:56:31.425','2025-01-29 18:56:31.425'),
(139,NULL,'2025-01-29 18:56:31.425','2025-01-29 18:56:31.425'),
(140,NULL,'2025-01-29 18:56:31.426','2025-01-29 18:56:31.426'),
(141,NULL,'2025-01-29 18:56:31.426','2025-01-29 18:56:31.426'),
(142,NULL,'2025-01-29 18:56:31.426','2025-01-29 18:56:31.426'),
(143,NULL,'2025-01-29 18:56:31.426','2025-01-29 18:56:31.426'),
(144,'https://bgtech.com.br/erp/assets/img_profile/17381752348149.png','2025-01-29 18:56:31.434','2025-01-29 18:56:31.434'),
(145,'https://bgtech.com.br/erp/assets/img_profile/17381752579632.png','2025-01-29 18:56:31.434','2025-01-29 18:56:31.434'),
(146,'https://bgtech.com.br/erp/assets/img_profile/17381752427003.png','2025-01-29 18:56:31.434','2025-01-29 18:56:31.434'),
(147,'https://bgtech.com.br/erp/assets/img_profile/17381751941924.png','2025-01-29 18:56:31.434','2025-01-29 18:56:31.434'),
(148,'https://bgtech.com.br/erp/assets/img_profile/17381752127061.png','2025-01-29 18:56:31.434','2025-01-29 18:56:31.434'),
(149,'https://bgtech.com.br/erp/assets/img_profile/17381751837333.png','2025-01-29 18:56:31.435','2025-01-29 18:56:31.435'),
(150,'https://bgtech.com.br/erp/assets/img_profile/17381752616464.png','2025-01-29 18:56:31.435','2025-01-29 18:56:31.435'),
(151,'https://bgtech.com.br/erp/assets/img_profile/17381752293888.png','2025-01-29 18:56:31.436','2025-01-29 18:56:31.436'),
(152,'https://bgtech.com.br/erp/assets/img_profile/173817523707.png','2025-01-29 18:56:31.436','2025-01-29 18:56:31.436'),
(153,'https://bgtech.com.br/erp/assets/img_profile/17381751881709.png','2025-01-29 18:56:31.436','2025-01-29 18:56:31.436'),
(154,'https://bgtech.com.br/erp/assets/img_profile/17381751863813.png','2025-01-29 18:56:31.436','2025-01-29 18:56:31.436'),
(155,'https://bgtech.com.br/erp/assets/img_profile/1738175198389.png','2025-01-29 18:56:31.436','2025-01-29 18:56:31.436'),
(156,'https://bgtech.com.br/erp/assets/img_profile/1738175256044.png','2025-01-29 18:56:31.437','2025-01-29 18:56:31.437'),
(157,'https://bgtech.com.br/erp/assets/img_profile/17381752357398.png','2025-01-29 18:56:31.449','2025-01-29 18:56:31.449'),
(158,'https://bgtech.com.br/erp/assets/img_profile/17381752435211.png','2025-01-29 18:56:31.449','2025-01-29 18:56:31.449'),
(159,'https://bgtech.com.br/erp/assets/img_profile/17381752587779.png','2025-01-29 18:56:31.450','2025-01-29 18:56:31.450'),
(160,'https://bgtech.com.br/erp/assets/img_profile/17381751950878.png','2025-01-29 18:56:31.450','2025-01-29 18:56:31.450'),
(161,'https://bgtech.com.br/erp/assets/img_profile/17381752151936.png','2025-01-29 18:56:31.450','2025-01-29 18:56:31.450'),
(162,'https://bgtech.com.br/erp/assets/img_profile/17381751849459.png','2025-01-29 18:56:31.451','2025-01-29 18:56:31.451'),
(163,'https://bgtech.com.br/erp/assets/img_profile/17381752627741.png','2025-01-29 18:56:31.451','2025-01-29 18:56:31.451'),
(164,'https://bgtech.com.br/erp/assets/img_profile/17381752302095.png','2025-01-29 18:56:31.451','2025-01-29 18:56:31.451'),
(165,'https://bgtech.com.br/erp/assets/img_profile/17381751889412.png','2025-01-29 18:56:31.452','2025-01-29 18:56:31.452'),
(166,'https://bgtech.com.br/erp/assets/img_profile/17381752379929.png','2025-01-29 18:56:31.452','2025-01-29 18:56:31.452'),
(167,'https://bgtech.com.br/erp/assets/img_profile/1738175187278.png','2025-01-29 18:56:31.452','2025-01-29 18:56:31.452'),
(168,'https://bgtech.com.br/erp/assets/img_profile/17381751994304.png','2025-01-29 18:56:31.453','2025-01-29 18:56:31.453'),
(169,'https://bgtech.com.br/erp/assets/img_profile/17381752570359.png','2025-01-29 18:56:31.453','2025-01-29 18:56:31.453'),
(170,NULL,'2025-01-29 18:56:31.464','2025-01-29 18:56:31.464'),
(171,NULL,'2025-01-29 18:56:31.464','2025-01-29 18:56:31.464'),
(172,NULL,'2025-01-29 18:56:31.464','2025-01-29 18:56:31.464'),
(173,NULL,'2025-01-29 18:56:31.464','2025-01-29 18:56:31.464'),
(174,NULL,'2025-01-29 18:56:31.465','2025-01-29 18:56:31.465'),
(175,NULL,'2025-01-29 18:56:31.465','2025-01-29 18:56:31.465'),
(176,NULL,'2025-01-29 18:56:31.466','2025-01-29 18:56:31.466'),
(177,NULL,'2025-01-29 18:56:31.466','2025-01-29 18:56:31.466'),
(178,NULL,'2025-01-29 18:56:31.466','2025-01-29 18:56:31.466'),
(179,NULL,'2025-01-29 18:56:31.467','2025-01-29 18:56:31.467'),
(180,NULL,'2025-01-29 18:56:31.467','2025-01-29 18:56:31.467'),
(181,NULL,'2025-01-29 18:56:31.467','2025-01-29 18:56:31.467'),
(182,NULL,'2025-01-29 18:56:31.468','2025-01-29 18:56:31.468'),
(183,NULL,'2025-01-29 18:56:31.479','2025-01-29 18:56:31.479'),
(184,NULL,'2025-01-29 18:56:31.479','2025-01-29 18:56:31.479'),
(185,NULL,'2025-01-29 18:56:31.480','2025-01-29 18:56:31.480'),
(186,NULL,'2025-01-29 18:56:31.480','2025-01-29 18:56:31.480'),
(187,NULL,'2025-01-29 18:56:31.480','2025-01-29 18:56:31.480'),
(188,NULL,'2025-01-29 18:56:31.481','2025-01-29 18:56:31.481'),
(189,NULL,'2025-01-29 18:56:31.481','2025-01-29 18:56:31.481'),
(190,NULL,'2025-01-29 18:56:31.482','2025-01-29 18:56:31.482'),
(191,NULL,'2025-01-29 18:56:31.482','2025-01-29 18:56:31.482'),
(192,NULL,'2025-01-29 18:56:31.482','2025-01-29 18:56:31.482'),
(193,NULL,'2025-01-29 18:56:31.483','2025-01-29 18:56:31.483'),
(194,NULL,'2025-01-29 18:56:31.483','2025-01-29 18:56:31.483'),
(195,NULL,'2025-01-29 18:56:31.483','2025-01-29 18:56:31.483'),
(196,NULL,'2025-01-29 18:56:31.725','2025-01-29 18:56:31.725'),
(197,NULL,'2025-01-29 18:56:31.724','2025-01-29 18:56:31.724'),
(198,NULL,'2025-01-29 18:56:31.725','2025-01-29 18:56:31.725'),
(199,NULL,'2025-01-29 18:56:31.725','2025-01-29 18:56:31.725'),
(200,NULL,'2025-01-29 18:56:31.726','2025-01-29 18:56:31.726'),
(201,'https://bgtech.com.br/erp/assets/img_profile/17381752502773.png','2025-01-29 18:56:31.729','2025-01-29 18:56:31.729'),
(202,'https://bgtech.com.br/erp/assets/img_profile/17381752183106.png','2025-01-29 18:56:31.729','2025-01-29 18:56:31.729'),
(203,'https://bgtech.com.br/erp/assets/img_profile/17381752007893.png','2025-01-29 18:56:31.730','2025-01-29 18:56:31.730'),
(204,'https://bgtech.com.br/erp/assets/img_profile/17381752482295.png','2025-01-29 18:56:31.730','2025-01-29 18:56:31.730'),
(205,'https://bgtech.com.br/erp/assets/img_profile/17381752520289.png','2025-01-29 18:56:31.730','2025-01-29 18:56:31.730'),
(206,'https://bgtech.com.br/erp/assets/img_profile/17381752510993.png','2025-01-29 18:56:31.734','2025-01-29 18:56:31.734'),
(207,'https://bgtech.com.br/erp/assets/img_profile/17381752191506.png','2025-01-29 18:56:31.734','2025-01-29 18:56:31.734'),
(208,'https://bgtech.com.br/erp/assets/img_profile/17381752491655.png','2025-01-29 18:56:31.734','2025-01-29 18:56:31.734'),
(209,'https://bgtech.com.br/erp/assets/img_profile/17381752018518.png','2025-01-29 18:56:31.734','2025-01-29 18:56:31.734'),
(210,'https://bgtech.com.br/erp/assets/img_profile/17381752531505.png','2025-01-29 18:56:31.735','2025-01-29 18:56:31.735'),
(211,NULL,'2025-01-29 18:56:31.739','2025-01-29 18:56:31.739'),
(212,NULL,'2025-01-29 18:56:31.739','2025-01-29 18:56:31.739'),
(213,NULL,'2025-01-29 18:56:31.740','2025-01-29 18:56:31.740'),
(214,NULL,'2025-01-29 18:56:31.740','2025-01-29 18:56:31.740'),
(215,NULL,'2025-01-29 18:56:31.741','2025-01-29 18:56:31.741'),
(216,NULL,'2025-01-29 18:56:31.745','2025-01-29 18:56:31.745'),
(217,NULL,'2025-01-29 18:56:31.745','2025-01-29 18:56:31.745'),
(218,NULL,'2025-01-29 18:56:31.746','2025-01-29 18:56:31.746'),
(219,NULL,'2025-01-29 18:56:31.746','2025-01-29 18:56:31.746'),
(220,NULL,'2025-01-29 18:56:31.746','2025-01-29 18:56:31.746');
/*!40000 ALTER TABLE `imagem` ENABLE KEYS */;
UNLOCK TABLES;

--
-- Table structure for table `owner_partner`
--

DROP TABLE IF EXISTS `owner_partner`;
/*!40101 SET @saved_cs_client     = @@character_set_client */;
/*!40101 SET character_set_client = utf8 */;
CREATE TABLE `owner_partner` (
  `sectorId` int(11) NOT NULL,
  `clientId` int(11) NOT NULL,
  `created_at` datetime(3) NOT NULL DEFAULT current_timestamp(3),
  `update_at` datetime(3) NOT NULL DEFAULT current_timestamp(3),
  PRIMARY KEY (`sectorId`,`clientId`),
  KEY `owner_partner_clientId_fkey` (`clientId`),
  CONSTRAINT `owner_partner_clientId_fkey` FOREIGN KEY (`clientId`) REFERENCES `client` (`id`) ON DELETE CASCADE ON UPDATE CASCADE,
  CONSTRAINT `owner_partner_sectorId_fkey` FOREIGN KEY (`sectorId`) REFERENCES `sector` (`id`) ON DELETE CASCADE ON UPDATE CASCADE
) ENGINE=InnoDB DEFAULT CHARSET=utf8mb4 COLLATE=utf8mb4_unicode_ci;
/*!40101 SET character_set_client = @saved_cs_client */;

--
-- Dumping data for table `owner_partner`
--

LOCK TABLES `owner_partner` WRITE;
/*!40000 ALTER TABLE `owner_partner` DISABLE KEYS */;
INSERT INTO `owner_partner` VALUES
(1,3,'2025-01-29 18:56:30.727','2025-01-29 18:56:30.727'),
(2,12,'2025-01-29 18:56:30.726','2025-01-29 18:56:30.726'),
(3,8,'2025-01-29 18:56:30.728','2025-01-29 18:56:30.728'),
(4,10,'2025-01-29 18:56:30.726','2025-01-29 18:56:30.726'),
(5,4,'2025-01-29 18:56:30.726','2025-01-29 18:56:30.726'),
(6,2,'2025-01-29 18:56:30.727','2025-01-29 18:56:30.727'),
(7,7,'2025-01-29 18:56:30.727','2025-01-29 18:56:30.727'),
(8,5,'2025-01-29 18:56:30.726','2025-01-29 18:56:30.726'),
(9,13,'2025-01-29 18:56:30.725','2025-01-29 18:56:30.725'),
(10,11,'2025-01-29 18:56:30.726','2025-01-29 18:56:30.726'),
(11,1,'2025-01-29 18:56:30.726','2025-01-29 18:56:30.726'),
(12,6,'2025-01-29 18:56:30.728','2025-01-29 18:56:30.728'),
(13,9,'2025-01-29 18:56:30.727','2025-01-29 18:56:30.727'),
(53,14,'2025-01-29 18:56:31.202','2025-01-29 18:56:31.202'),
(54,17,'2025-01-29 18:56:31.202','2025-01-29 18:56:31.202'),
(55,15,'2025-01-29 18:56:31.202','2025-01-29 18:56:31.202'),
(56,16,'2025-01-29 18:56:31.203','2025-01-29 18:56:31.203'),
(57,18,'2025-01-29 18:56:31.206','2025-01-29 18:56:31.206'),
(58,19,'2025-01-29 18:56:31.202','2025-01-29 18:56:31.202'),
(59,20,'2025-01-29 18:56:31.203','2025-01-29 18:56:31.203'),
(60,21,'2025-01-29 18:56:31.205','2025-01-29 18:56:31.205'),
(61,23,'2025-01-29 18:56:31.205','2025-01-29 18:56:31.205'),
(62,22,'2025-01-29 18:56:31.204','2025-01-29 18:56:31.204'),
(63,24,'2025-01-29 18:56:31.207','2025-01-29 18:56:31.207'),
(64,25,'2025-01-29 18:56:31.207','2025-01-29 18:56:31.207'),
(65,26,'2025-01-29 18:56:31.208','2025-01-29 18:56:31.208'),
(105,27,'2025-01-29 18:56:31.579','2025-01-29 18:56:31.579'),
(106,31,'2025-01-29 18:56:31.579','2025-01-29 18:56:31.579'),
(107,28,'2025-01-29 18:56:31.580','2025-01-29 18:56:31.580'),
(108,29,'2025-01-29 18:56:31.581','2025-01-29 18:56:31.581'),
(109,30,'2025-01-29 18:56:31.579','2025-01-29 18:56:31.579'),
(110,32,'2025-01-29 18:56:31.580','2025-01-29 18:56:31.580'),
(111,33,'2025-01-29 18:56:31.581','2025-01-29 18:56:31.581'),
(112,34,'2025-01-29 18:56:31.582','2025-01-29 18:56:31.582'),
(113,36,'2025-01-29 18:56:31.582','2025-01-29 18:56:31.582'),
(114,37,'2025-01-29 18:56:31.583','2025-01-29 18:56:31.583'),
(115,35,'2025-01-29 18:56:31.583','2025-01-29 18:56:31.583'),
(116,38,'2025-01-29 18:56:31.584','2025-01-29 18:56:31.584'),
(117,39,'2025-01-29 18:56:31.584','2025-01-29 18:56:31.584'),
(157,43,'2025-01-29 18:56:31.774','2025-01-29 18:56:31.774'),
(158,40,'2025-01-29 18:56:31.774','2025-01-29 18:56:31.774'),
(159,42,'2025-01-29 18:56:31.774','2025-01-29 18:56:31.774'),
(160,41,'2025-01-29 18:56:31.775','2025-01-29 18:56:31.775'),
(161,44,'2025-01-29 18:56:31.775','2025-01-29 18:56:31.775');
/*!40000 ALTER TABLE `owner_partner` ENABLE KEYS */;
UNLOCK TABLES;

--
-- Table structure for table `owner_partner_image`
--

DROP TABLE IF EXISTS `owner_partner_image`;
/*!40101 SET @saved_cs_client     = @@character_set_client */;
/*!40101 SET character_set_client = utf8 */;
CREATE TABLE `owner_partner_image` (
  `imageId` int(11) NOT NULL,
  `owner_partnerId` int(11) NOT NULL,
  `created_at` datetime(3) NOT NULL DEFAULT current_timestamp(3),
  `update_at` datetime(3) NOT NULL DEFAULT current_timestamp(3),
  PRIMARY KEY (`imageId`,`owner_partnerId`),
  KEY `owner_partner_image_owner_partnerId_fkey` (`owner_partnerId`),
  CONSTRAINT `owner_partner_image_imageId_fkey` FOREIGN KEY (`imageId`) REFERENCES `imagem` (`id`) ON DELETE CASCADE ON UPDATE CASCADE,
  CONSTRAINT `owner_partner_image_owner_partnerId_fkey` FOREIGN KEY (`owner_partnerId`) REFERENCES `sector` (`id`) ON DELETE CASCADE ON UPDATE CASCADE
) ENGINE=InnoDB DEFAULT CHARSET=utf8mb4 COLLATE=utf8mb4_unicode_ci;
/*!40101 SET character_set_client = @saved_cs_client */;

--
-- Dumping data for table `owner_partner_image`
--

LOCK TABLES `owner_partner_image` WRITE;
/*!40000 ALTER TABLE `owner_partner_image` DISABLE KEYS */;
INSERT INTO `owner_partner_image` VALUES
(14,4,'2025-01-29 18:56:30.807','2025-01-29 18:56:30.807'),
(15,1,'2025-01-29 18:56:30.808','2025-01-29 18:56:30.808'),
(16,5,'2025-01-29 18:56:30.809','2025-01-29 18:56:30.809'),
(17,3,'2025-01-29 18:56:30.812','2025-01-29 18:56:30.812'),
(18,2,'2025-01-29 18:56:30.809','2025-01-29 18:56:30.809'),
(19,7,'2025-01-29 18:56:30.809','2025-01-29 18:56:30.809'),
(20,6,'2025-01-29 18:56:30.806','2025-01-29 18:56:30.806'),
(21,10,'2025-01-29 18:56:30.807','2025-01-29 18:56:30.807'),
(22,9,'2025-01-29 18:56:30.808','2025-01-29 18:56:30.808'),
(23,8,'2025-01-29 18:56:30.808','2025-01-29 18:56:30.808'),
(24,11,'2025-01-29 18:56:30.811','2025-01-29 18:56:30.811'),
(25,13,'2025-01-29 18:56:30.807','2025-01-29 18:56:30.807'),
(26,12,'2025-01-29 18:56:30.807','2025-01-29 18:56:30.807'),
(79,54,'2025-01-29 18:56:31.295','2025-01-29 18:56:31.295'),
(80,53,'2025-01-29 18:56:31.295','2025-01-29 18:56:31.295'),
(81,55,'2025-01-29 18:56:31.295','2025-01-29 18:56:31.295'),
(82,58,'2025-01-29 18:56:31.296','2025-01-29 18:56:31.296'),
(83,56,'2025-01-29 18:56:31.296','2025-01-29 18:56:31.296'),
(84,57,'2025-01-29 18:56:31.297','2025-01-29 18:56:31.297'),
(85,59,'2025-01-29 18:56:31.296','2025-01-29 18:56:31.296'),
(86,60,'2025-01-29 18:56:31.297','2025-01-29 18:56:31.297'),
(87,61,'2025-01-29 18:56:31.297','2025-01-29 18:56:31.297'),
(88,64,'2025-01-29 18:56:31.297','2025-01-29 18:56:31.297'),
(89,62,'2025-01-29 18:56:31.297','2025-01-29 18:56:31.297'),
(90,63,'2025-01-29 18:56:31.298','2025-01-29 18:56:31.298'),
(91,65,'2025-01-29 18:56:31.298','2025-01-29 18:56:31.298'),
(144,106,'2025-01-29 18:56:31.653','2025-01-29 18:56:31.653'),
(145,105,'2025-01-29 18:56:31.653','2025-01-29 18:56:31.653'),
(146,109,'2025-01-29 18:56:31.653','2025-01-29 18:56:31.653'),
(147,110,'2025-01-29 18:56:31.654','2025-01-29 18:56:31.654'),
(148,107,'2025-01-29 18:56:31.654','2025-01-29 18:56:31.654'),
(149,108,'2025-01-29 18:56:31.653','2025-01-29 18:56:31.653'),
(150,111,'2025-01-29 18:56:31.654','2025-01-29 18:56:31.654'),
(151,112,'2025-01-29 18:56:31.655','2025-01-29 18:56:31.655'),
(152,114,'2025-01-29 18:56:31.656','2025-01-29 18:56:31.656'),
(153,113,'2025-01-29 18:56:31.656','2025-01-29 18:56:31.656'),
(154,115,'2025-01-29 18:56:31.657','2025-01-29 18:56:31.657'),
(155,117,'2025-01-29 18:56:31.658','2025-01-29 18:56:31.658'),
(156,116,'2025-01-29 18:56:31.657','2025-01-29 18:56:31.657'),
(201,159,'2025-01-29 18:56:31.800','2025-01-29 18:56:31.800'),
(202,158,'2025-01-29 18:56:31.800','2025-01-29 18:56:31.800'),
(203,157,'2025-01-29 18:56:31.800','2025-01-29 18:56:31.800'),
(204,160,'2025-01-29 18:56:31.800','2025-01-29 18:56:31.800'),
(205,161,'2025-01-29 18:56:31.800','2025-01-29 18:56:31.800');
/*!40000 ALTER TABLE `owner_partner_image` ENABLE KEYS */;
UNLOCK TABLES;

--
-- Table structure for table `role`
--

DROP TABLE IF EXISTS `role`;
/*!40101 SET @saved_cs_client     = @@character_set_client */;
/*!40101 SET character_set_client = utf8 */;
CREATE TABLE `role` (
  `id` int(11) NOT NULL AUTO_INCREMENT,
  `role_name` varchar(191) NOT NULL,
  `created_at` datetime(3) NOT NULL DEFAULT current_timestamp(3),
  `update_at` datetime(3) NOT NULL DEFAULT current_timestamp(3),
  PRIMARY KEY (`id`)
) ENGINE=InnoDB DEFAULT CHARSET=utf8mb4 COLLATE=utf8mb4_unicode_ci;
/*!40101 SET character_set_client = @saved_cs_client */;

--
-- Dumping data for table `role`
--

LOCK TABLES `role` WRITE;
/*!40000 ALTER TABLE `role` DISABLE KEYS */;
/*!40000 ALTER TABLE `role` ENABLE KEYS */;
UNLOCK TABLES;

--
-- Table structure for table `roleadm`
--

DROP TABLE IF EXISTS `roleadm`;
/*!40101 SET @saved_cs_client     = @@character_set_client */;
/*!40101 SET character_set_client = utf8 */;
CREATE TABLE `roleadm` (
  `adm_id` int(11) NOT NULL,
  `role_id` int(11) NOT NULL,
  `created_at` datetime(3) NOT NULL DEFAULT current_timestamp(3),
  `update_at` datetime(3) NOT NULL DEFAULT current_timestamp(3),
  PRIMARY KEY (`adm_id`,`role_id`),
  KEY `roleadm_role_id_fkey` (`role_id`),
  CONSTRAINT `roleadm_adm_id_fkey` FOREIGN KEY (`adm_id`) REFERENCES `adm` (`id`) ON DELETE CASCADE ON UPDATE CASCADE,
  CONSTRAINT `roleadm_role_id_fkey` FOREIGN KEY (`role_id`) REFERENCES `role` (`id`) ON DELETE CASCADE ON UPDATE CASCADE
) ENGINE=InnoDB DEFAULT CHARSET=utf8mb4 COLLATE=utf8mb4_unicode_ci;
/*!40101 SET character_set_client = @saved_cs_client */;

--
-- Dumping data for table `roleadm`
--

LOCK TABLES `roleadm` WRITE;
/*!40000 ALTER TABLE `roleadm` DISABLE KEYS */;
/*!40000 ALTER TABLE `roleadm` ENABLE KEYS */;
UNLOCK TABLES;

--
-- Table structure for table `sector`
--

DROP TABLE IF EXISTS `sector`;
/*!40101 SET @saved_cs_client     = @@character_set_client */;
/*!40101 SET character_set_client = utf8 */;
CREATE TABLE `sector` (
  `id` int(11) NOT NULL AUTO_INCREMENT,
  `name` varchar(1000) DEFAULT NULL,
  `email` varchar(100) DEFAULT NULL,
  `phone` varchar(100) DEFAULT NULL,
  `cell_phone` varchar(100) DEFAULT NULL,
  `rg` varchar(191) DEFAULT NULL,
  `cpf` varchar(11) DEFAULT NULL,
  `created_at` datetime(3) NOT NULL DEFAULT current_timestamp(3),
  `update_at` datetime(3) NOT NULL DEFAULT current_timestamp(3),
  PRIMARY KEY (`id`)
) ENGINE=InnoDB AUTO_INCREMENT=177 DEFAULT CHARSET=utf8mb4 COLLATE=utf8mb4_unicode_ci;
/*!40101 SET character_set_client = @saved_cs_client */;

--
-- Dumping data for table `sector`
--

LOCK TABLES `sector` WRITE;
/*!40000 ALTER TABLE `sector` DISABLE KEYS */;
INSERT INTO `sector` VALUES
(1,'SR. JAMESON ',' bellahorta5@gmail.com','8194458832',NULL,NULL,NULL,'2025-01-29 18:56:30.554','2025-01-29 18:56:30.554'),
(2,'CLEITON ZAUZA',NULL,'9832568337','9892447477',NULL,NULL,'2025-01-29 18:56:30.555','2025-01-29 18:56:30.555'),
(3,'GABRIEL',NULL,'8132521320','8199655111',NULL,NULL,'2025-01-29 18:56:30.555','2025-01-29 18:56:30.555'),
(4,'ANDERSON','horticultura_center@hotmail.com','81991992738','81991992738',NULL,NULL,'2025-01-29 18:56:30.554','2025-01-29 18:56:30.554'),
(5,'SR. THIEGO',NULL,NULL,NULL,NULL,NULL,'2025-01-29 18:56:30.555','2025-01-29 18:56:30.555'),
(6,'SR. Leandro','leandro@verdaodistribuidora.com.br - clinerio@hotmail.com','8131270102','8192264622',NULL,NULL,'2025-01-29 18:56:30.556','2025-01-29 18:56:30.556'),
(7,'Adolfo do Rego Alencar Neto','fazendasmariana@gmail.com','8632233025','86994490660',NULL,NULL,'2025-01-29 18:56:30.557','2025-01-29 18:56:30.557'),
(8,'ALDERLAN','financeiro@campoouroverde.com.br',NULL,NULL,NULL,NULL,'2025-01-29 18:56:30.558','2025-01-29 18:56:30.558'),
(9,'Ana Paula de Espindola Santos Oliveira','anapaula.espindola22@gmail.com',NULL,NULL,NULL,NULL,'2025-01-29 18:56:30.558','2025-01-29 18:56:30.558'),
(10,'Lusia Maia de Paz Sousa',NULL,NULL,NULL,NULL,NULL,'2025-01-29 18:56:30.558','2025-01-29 18:56:30.558'),
(11,'SR. Cícero Barbosa Lima','ciceroitzana@gmail.com','9935256103','9992234503',NULL,NULL,'2025-01-29 18:56:30.559','2025-01-29 18:56:30.559'),
(12,'LUSIA MARIA DA PAZ SOUSA',NULL,NULL,NULL,NULL,NULL,'2025-01-29 18:56:30.559','2025-01-29 18:56:30.559'),
(13,'Laianne, Liardson, Lemerson, Levyson','lraraujo22@yahoo.com.br','8534768929',NULL,NULL,NULL,'2025-01-29 18:56:30.560','2025-01-29 18:56:30.560'),
(14,NULL,NULL,NULL,NULL,NULL,NULL,'2025-01-29 18:56:30.569','2025-01-29 18:56:30.569'),
(15,NULL,NULL,NULL,NULL,NULL,NULL,'2025-01-29 18:56:30.569','2025-01-29 18:56:30.569'),
(16,NULL,NULL,NULL,NULL,NULL,NULL,'2025-01-29 18:56:30.569','2025-01-29 18:56:30.569'),
(17,NULL,NULL,NULL,NULL,NULL,NULL,'2025-01-29 18:56:30.569','2025-01-29 18:56:30.569'),
(18,NULL,NULL,NULL,NULL,NULL,NULL,'2025-01-29 18:56:30.569','2025-01-29 18:56:30.569'),
(19,NULL,NULL,NULL,NULL,NULL,NULL,'2025-01-29 18:56:30.570','2025-01-29 18:56:30.570'),
(20,NULL,NULL,NULL,NULL,NULL,NULL,'2025-01-29 18:56:30.570','2025-01-29 18:56:30.570'),
(21,NULL,NULL,NULL,NULL,NULL,NULL,'2025-01-29 18:56:30.570','2025-01-29 18:56:30.570'),
(22,NULL,NULL,NULL,NULL,NULL,NULL,'2025-01-29 18:56:30.571','2025-01-29 18:56:30.571'),
(23,NULL,NULL,NULL,NULL,NULL,NULL,'2025-01-29 18:56:30.571','2025-01-29 18:56:30.571'),
(24,NULL,NULL,NULL,NULL,NULL,NULL,'2025-01-29 18:56:30.571','2025-01-29 18:56:30.571'),
(25,NULL,NULL,NULL,NULL,NULL,NULL,'2025-01-29 18:56:30.571','2025-01-29 18:56:30.571'),
(26,NULL,NULL,NULL,NULL,NULL,NULL,'2025-01-29 18:56:30.572','2025-01-29 18:56:30.572'),
(27,NULL,NULL,NULL,NULL,NULL,NULL,'2025-01-29 18:56:30.580','2025-01-29 18:56:30.580'),
(28,NULL,NULL,NULL,NULL,NULL,NULL,'2025-01-29 18:56:30.580','2025-01-29 18:56:30.580'),
(29,NULL,NULL,NULL,NULL,NULL,NULL,'2025-01-29 18:56:30.580','2025-01-29 18:56:30.580'),
(30,NULL,NULL,NULL,NULL,NULL,NULL,'2025-01-29 18:56:30.580','2025-01-29 18:56:30.580'),
(31,NULL,NULL,NULL,NULL,NULL,NULL,'2025-01-29 18:56:30.581','2025-01-29 18:56:30.581'),
(32,NULL,NULL,NULL,NULL,NULL,NULL,'2025-01-29 18:56:30.581','2025-01-29 18:56:30.581'),
(33,NULL,NULL,NULL,NULL,NULL,NULL,'2025-01-29 18:56:30.581','2025-01-29 18:56:30.581'),
(34,NULL,NULL,NULL,NULL,NULL,NULL,'2025-01-29 18:56:30.582','2025-01-29 18:56:30.582'),
(35,NULL,NULL,NULL,NULL,NULL,NULL,'2025-01-29 18:56:30.582','2025-01-29 18:56:30.582'),
(36,NULL,NULL,NULL,NULL,NULL,NULL,'2025-01-29 18:56:30.582','2025-01-29 18:56:30.582'),
(37,NULL,NULL,NULL,NULL,NULL,NULL,'2025-01-29 18:56:30.582','2025-01-29 18:56:30.582'),
(38,NULL,NULL,NULL,NULL,NULL,NULL,'2025-01-29 18:56:30.583','2025-01-29 18:56:30.583'),
(39,NULL,NULL,NULL,NULL,NULL,NULL,'2025-01-29 18:56:30.583','2025-01-29 18:56:30.583'),
(40,NULL,NULL,NULL,NULL,NULL,NULL,'2025-01-29 18:56:30.591','2025-01-29 18:56:30.591'),
(41,NULL,NULL,NULL,NULL,NULL,NULL,'2025-01-29 18:56:30.591','2025-01-29 18:56:30.591'),
(42,NULL,NULL,NULL,NULL,NULL,NULL,'2025-01-29 18:56:30.591','2025-01-29 18:56:30.591'),
(43,NULL,NULL,NULL,NULL,NULL,NULL,'2025-01-29 18:56:30.591','2025-01-29 18:56:30.591'),
(44,NULL,NULL,NULL,NULL,NULL,NULL,'2025-01-29 18:56:30.591','2025-01-29 18:56:30.591'),
(45,NULL,NULL,NULL,NULL,NULL,NULL,'2025-01-29 18:56:30.591','2025-01-29 18:56:30.591'),
(46,NULL,NULL,NULL,NULL,NULL,NULL,'2025-01-29 18:56:30.592','2025-01-29 18:56:30.592'),
(47,NULL,NULL,NULL,NULL,NULL,NULL,'2025-01-29 18:56:30.592','2025-01-29 18:56:30.592'),
(48,NULL,NULL,NULL,NULL,NULL,NULL,'2025-01-29 18:56:30.593','2025-01-29 18:56:30.593'),
(49,NULL,NULL,NULL,NULL,NULL,NULL,'2025-01-29 18:56:30.593','2025-01-29 18:56:30.593'),
(50,NULL,NULL,NULL,NULL,NULL,NULL,'2025-01-29 18:56:30.593','2025-01-29 18:56:30.593'),
(51,NULL,NULL,NULL,NULL,NULL,NULL,'2025-01-29 18:56:30.593','2025-01-29 18:56:30.593'),
(52,NULL,NULL,NULL,NULL,NULL,NULL,'2025-01-29 18:56:30.593','2025-01-29 18:56:30.593'),
(53,'SR. ADAUTO JÚNIOR',NULL,'75999775139',NULL,NULL,NULL,'2025-01-29 18:56:30.904','2025-01-29 18:56:30.904'),
(54,'SR. DJAILTON CÂNDIDO DE OLIVEIRA','horticampodjailton@hotmail.com',NULL,NULL,NULL,NULL,'2025-01-29 18:56:30.904','2025-01-29 18:56:30.904'),
(55,'ANDERSON CARDOSO DO NASCIMENTO','hortas.anderson@gmail.com','9137215839',NULL,NULL,NULL,'2025-01-29 18:56:30.905','2025-01-29 18:56:30.905'),
(56,'DANIEL GALVÃO','Hortfolhas@gmail.com',NULL,NULL,NULL,NULL,'2025-01-29 18:56:30.906','2025-01-29 18:56:30.906'),
(57,'LEONARDO','hortifrutisilvaltda@gmail.com','98886392759888845661','98988845661',NULL,NULL,'2025-01-29 18:56:30.907','2025-01-29 18:56:30.907'),
(58,'Lusia M da Paz Sousa',NULL,NULL,NULL,NULL,NULL,'2025-01-29 18:56:30.908','2025-01-29 18:56:30.908'),
(59,'JUVENILDO (Sr. Nildo)',NULL,NULL,NULL,NULL,NULL,'2025-01-29 18:56:30.908','2025-01-29 18:56:30.908'),
(60,'BRUNA OLIVEIRA','luana@atlasimportacao.com.br','8835412829','558897103702',NULL,NULL,'2025-01-29 18:56:30.909','2025-01-29 18:56:30.909'),
(61,'Francisco Romario Oliveira da Silva','paraisoverd@gmail.com',NULL,NULL,NULL,NULL,'2025-01-29 18:56:30.909','2025-01-29 18:56:30.909'),
(62,'JIHAD EL AKRA','ocoringao_ahmed@hotmail.com',NULL,NULL,NULL,NULL,'2025-01-29 18:56:30.910','2025-01-29 18:56:30.910'),
(63,'Ighor Xavier','ighorxavier@qualityhortifruti.com.br',NULL,'558181132303',NULL,NULL,'2025-01-29 18:56:30.911','2025-01-29 18:56:30.911'),
(64,'Sr. Olavo','olavo@brasiforro.com',NULL,NULL,NULL,NULL,'2025-01-29 18:56:30.911','2025-01-29 18:56:30.911'),
(65,'RAISSA AYRES',NULL,NULL,'9891099192',NULL,NULL,'2025-01-29 18:56:30.912','2025-01-29 18:56:30.912'),
(66,NULL,NULL,NULL,NULL,NULL,NULL,'2025-01-29 18:56:30.928','2025-01-29 18:56:30.928'),
(67,NULL,NULL,NULL,NULL,NULL,NULL,'2025-01-29 18:56:30.928','2025-01-29 18:56:30.928'),
(68,NULL,NULL,NULL,NULL,NULL,NULL,'2025-01-29 18:56:30.928','2025-01-29 18:56:30.928'),
(69,NULL,NULL,NULL,NULL,NULL,NULL,'2025-01-29 18:56:30.929','2025-01-29 18:56:30.929'),
(70,NULL,NULL,NULL,NULL,NULL,NULL,'2025-01-29 18:56:30.929','2025-01-29 18:56:30.929'),
(71,NULL,NULL,NULL,NULL,NULL,NULL,'2025-01-29 18:56:30.930','2025-01-29 18:56:30.930'),
(72,NULL,NULL,NULL,NULL,NULL,NULL,'2025-01-29 18:56:30.930','2025-01-29 18:56:30.930'),
(73,NULL,NULL,NULL,NULL,NULL,NULL,'2025-01-29 18:56:30.931','2025-01-29 18:56:30.931'),
(74,NULL,NULL,NULL,NULL,NULL,NULL,'2025-01-29 18:56:30.931','2025-01-29 18:56:30.931'),
(75,NULL,NULL,NULL,NULL,NULL,NULL,'2025-01-29 18:56:30.931','2025-01-29 18:56:30.931'),
(76,NULL,NULL,NULL,NULL,NULL,NULL,'2025-01-29 18:56:30.932','2025-01-29 18:56:30.932'),
(77,NULL,NULL,NULL,NULL,NULL,NULL,'2025-01-29 18:56:30.932','2025-01-29 18:56:30.932'),
(78,NULL,NULL,NULL,NULL,NULL,NULL,'2025-01-29 18:56:30.932','2025-01-29 18:56:30.932'),
(79,NULL,NULL,NULL,NULL,NULL,NULL,'2025-01-29 18:56:30.946','2025-01-29 18:56:30.946'),
(80,NULL,NULL,NULL,NULL,NULL,NULL,'2025-01-29 18:56:30.946','2025-01-29 18:56:30.946'),
(81,NULL,NULL,NULL,NULL,NULL,NULL,'2025-01-29 18:56:30.946','2025-01-29 18:56:30.946'),
(82,NULL,NULL,NULL,NULL,NULL,NULL,'2025-01-29 18:56:30.946','2025-01-29 18:56:30.946'),
(83,NULL,NULL,NULL,NULL,NULL,NULL,'2025-01-29 18:56:30.947','2025-01-29 18:56:30.947'),
(84,NULL,NULL,NULL,NULL,NULL,NULL,'2025-01-29 18:56:30.947','2025-01-29 18:56:30.947'),
(85,NULL,NULL,NULL,NULL,NULL,NULL,'2025-01-29 18:56:30.948','2025-01-29 18:56:30.948'),
(86,NULL,NULL,NULL,NULL,NULL,NULL,'2025-01-29 18:56:30.948','2025-01-29 18:56:30.948'),
(87,NULL,NULL,NULL,NULL,NULL,NULL,'2025-01-29 18:56:30.949','2025-01-29 18:56:30.949'),
(88,NULL,NULL,NULL,NULL,NULL,NULL,'2025-01-29 18:56:30.950','2025-01-29 18:56:30.950'),
(89,NULL,NULL,NULL,NULL,NULL,NULL,'2025-01-29 18:56:30.951','2025-01-29 18:56:30.951'),
(90,NULL,NULL,NULL,NULL,NULL,NULL,'2025-01-29 18:56:30.951','2025-01-29 18:56:30.951'),
(91,NULL,NULL,NULL,NULL,NULL,NULL,'2025-01-29 18:56:30.952','2025-01-29 18:56:30.952'),
(92,NULL,NULL,NULL,NULL,NULL,NULL,'2025-01-29 18:56:30.964','2025-01-29 18:56:30.964'),
(93,NULL,NULL,NULL,NULL,NULL,NULL,'2025-01-29 18:56:30.964','2025-01-29 18:56:30.964'),
(94,NULL,NULL,NULL,NULL,NULL,NULL,'2025-01-29 18:56:30.964','2025-01-29 18:56:30.964'),
(95,NULL,NULL,NULL,NULL,NULL,NULL,'2025-01-29 18:56:30.965','2025-01-29 18:56:30.965'),
(96,NULL,NULL,NULL,NULL,NULL,NULL,'2025-01-29 18:56:30.966','2025-01-29 18:56:30.966'),
(97,NULL,NULL,NULL,NULL,NULL,NULL,'2025-01-29 18:56:30.966','2025-01-29 18:56:30.966'),
(98,NULL,NULL,NULL,NULL,NULL,NULL,'2025-01-29 18:56:30.967','2025-01-29 18:56:30.967'),
(99,NULL,NULL,NULL,NULL,NULL,NULL,'2025-01-29 18:56:30.968','2025-01-29 18:56:30.968'),
(100,NULL,NULL,NULL,NULL,NULL,NULL,'2025-01-29 18:56:30.968','2025-01-29 18:56:30.968'),
(101,NULL,NULL,NULL,NULL,NULL,NULL,'2025-01-29 18:56:30.969','2025-01-29 18:56:30.969'),
(102,NULL,NULL,NULL,NULL,NULL,NULL,'2025-01-29 18:56:30.969','2025-01-29 18:56:30.969'),
(103,NULL,NULL,NULL,NULL,NULL,NULL,'2025-01-29 18:56:30.970','2025-01-29 18:56:30.970'),
(104,NULL,NULL,NULL,NULL,NULL,NULL,'2025-01-29 18:56:30.970','2025-01-29 18:56:30.970'),
(105,NULL,NULL,NULL,NULL,NULL,NULL,'2025-01-29 18:56:31.375','2025-01-29 18:56:31.375'),
(106,'SR. SILVIO MADEIRA','silvio_pereira1975@hotmail.com',NULL,NULL,NULL,NULL,'2025-01-29 18:56:31.375','2025-01-29 18:56:31.375'),
(107,NULL,'m.s.contabil@hotmail.com','8532982063',NULL,NULL,NULL,'2025-01-29 18:56:31.376','2025-01-29 18:56:31.376'),
(108,'Evaldo Costa','evaldomcosta@hotmail.com','8391850047','83991649673',NULL,NULL,'2025-01-29 18:56:31.377','2025-01-29 18:56:31.377'),
(109,'FLAVIO NASCIMENTO DA ROCHA (DONO)','sitiobelohorizonteflv@gmail.com','9230301203',NULL,NULL,NULL,'2025-01-29 18:56:31.377','2025-01-29 18:56:31.377'),
(110,NULL,'ewerton.malagutti@mambo.com.br','11393399101138315700',NULL,NULL,NULL,'2025-01-29 18:56:31.377','2025-01-29 18:56:31.377'),
(111,'SR. RICARDO','rscomerciovarejista1@hotmail.com','7536247139',NULL,NULL,NULL,'2025-01-29 18:56:31.377','2025-01-29 18:56:31.377'),
(112,'SR. EDEILSON SOUZA',NULL,NULL,NULL,NULL,NULL,'2025-01-29 18:56:31.378','2025-01-29 18:56:31.378'),
(113,NULL,NULL,'8436152601',NULL,NULL,NULL,'2025-01-29 18:56:31.378','2025-01-29 18:56:31.378'),
(114,'SR. GENIVAL ARGEMIRO DA SILVA',NULL,NULL,NULL,NULL,NULL,'2025-01-29 18:56:31.378','2025-01-29 18:56:31.378'),
(115,NULL,'CONTABIL@GRUPORICCOALIMENTOS.COM.BR',NULL,'5598988189760',NULL,NULL,'2025-01-29 18:56:31.379','2025-01-29 18:56:31.379'),
(116,'SRA. MAYANNE COSTA','Financeirosupernsf@hotmail.com','85346358008532363752',NULL,NULL,NULL,'2025-01-29 18:56:31.379','2025-01-29 18:56:31.379'),
(117,'Fagno Souza e Rosângela(Assist Pereciveis)','goianacontabilidade@gmail.com','9532247990',NULL,NULL,NULL,'2025-01-29 18:56:31.379','2025-01-29 18:56:31.379'),
(118,NULL,NULL,NULL,NULL,NULL,NULL,'2025-01-29 18:56:31.387','2025-01-29 18:56:31.387'),
(119,NULL,NULL,NULL,NULL,NULL,NULL,'2025-01-29 18:56:31.387','2025-01-29 18:56:31.387'),
(120,NULL,NULL,NULL,NULL,NULL,NULL,'2025-01-29 18:56:31.387','2025-01-29 18:56:31.387'),
(121,NULL,NULL,NULL,NULL,NULL,NULL,'2025-01-29 18:56:31.389','2025-01-29 18:56:31.389'),
(122,NULL,NULL,NULL,NULL,NULL,NULL,'2025-01-29 18:56:31.389','2025-01-29 18:56:31.389'),
(123,NULL,NULL,NULL,NULL,NULL,NULL,'2025-01-29 18:56:31.390','2025-01-29 18:56:31.390'),
(124,NULL,NULL,NULL,NULL,NULL,NULL,'2025-01-29 18:56:31.390','2025-01-29 18:56:31.390'),
(125,NULL,NULL,NULL,NULL,NULL,NULL,'2025-01-29 18:56:31.390','2025-01-29 18:56:31.390'),
(126,NULL,NULL,NULL,NULL,NULL,NULL,'2025-01-29 18:56:31.391','2025-01-29 18:56:31.391'),
(127,NULL,NULL,NULL,NULL,NULL,NULL,'2025-01-29 18:56:31.391','2025-01-29 18:56:31.391'),
(128,NULL,NULL,NULL,NULL,NULL,NULL,'2025-01-29 18:56:31.392','2025-01-29 18:56:31.392'),
(129,NULL,NULL,NULL,NULL,NULL,NULL,'2025-01-29 18:56:31.392','2025-01-29 18:56:31.392'),
(130,NULL,NULL,NULL,NULL,NULL,NULL,'2025-01-29 18:56:31.393','2025-01-29 18:56:31.393'),
(131,NULL,NULL,NULL,NULL,NULL,NULL,'2025-01-29 18:56:31.400','2025-01-29 18:56:31.400'),
(132,NULL,NULL,NULL,NULL,NULL,NULL,'2025-01-29 18:56:31.400','2025-01-29 18:56:31.400'),
(133,NULL,NULL,NULL,NULL,NULL,NULL,'2025-01-29 18:56:31.400','2025-01-29 18:56:31.400'),
(134,NULL,NULL,NULL,NULL,NULL,NULL,'2025-01-29 18:56:31.401','2025-01-29 18:56:31.401'),
(135,NULL,NULL,NULL,NULL,NULL,NULL,'2025-01-29 18:56:31.401','2025-01-29 18:56:31.401'),
(136,NULL,NULL,NULL,NULL,NULL,NULL,'2025-01-29 18:56:31.401','2025-01-29 18:56:31.401'),
(137,NULL,NULL,NULL,NULL,NULL,NULL,'2025-01-29 18:56:31.401','2025-01-29 18:56:31.401'),
(138,NULL,NULL,NULL,NULL,NULL,NULL,'2025-01-29 18:56:31.402','2025-01-29 18:56:31.402'),
(139,NULL,NULL,NULL,NULL,NULL,NULL,'2025-01-29 18:56:31.402','2025-01-29 18:56:31.402'),
(140,NULL,NULL,NULL,NULL,NULL,NULL,'2025-01-29 18:56:31.402','2025-01-29 18:56:31.402'),
(141,NULL,NULL,NULL,NULL,NULL,NULL,'2025-01-29 18:56:31.402','2025-01-29 18:56:31.402'),
(142,NULL,NULL,NULL,NULL,NULL,NULL,'2025-01-29 18:56:31.402','2025-01-29 18:56:31.402'),
(143,NULL,NULL,NULL,NULL,NULL,NULL,'2025-01-29 18:56:31.403','2025-01-29 18:56:31.403'),
(144,NULL,NULL,NULL,NULL,NULL,NULL,'2025-01-29 18:56:31.412','2025-01-29 18:56:31.412'),
(145,NULL,NULL,NULL,NULL,NULL,NULL,'2025-01-29 18:56:31.411','2025-01-29 18:56:31.411'),
(146,NULL,NULL,NULL,NULL,NULL,NULL,'2025-01-29 18:56:31.411','2025-01-29 18:56:31.411'),
(147,NULL,NULL,NULL,NULL,NULL,NULL,'2025-01-29 18:56:31.412','2025-01-29 18:56:31.412'),
(148,NULL,NULL,NULL,NULL,NULL,NULL,'2025-01-29 18:56:31.412','2025-01-29 18:56:31.412'),
(149,NULL,NULL,NULL,NULL,NULL,NULL,'2025-01-29 18:56:31.412','2025-01-29 18:56:31.412'),
(150,NULL,NULL,NULL,NULL,NULL,NULL,'2025-01-29 18:56:31.412','2025-01-29 18:56:31.412'),
(151,NULL,NULL,NULL,NULL,NULL,NULL,'2025-01-29 18:56:31.413','2025-01-29 18:56:31.413'),
(152,NULL,NULL,NULL,NULL,NULL,NULL,'2025-01-29 18:56:31.413','2025-01-29 18:56:31.413'),
(153,NULL,NULL,NULL,NULL,NULL,NULL,'2025-01-29 18:56:31.414','2025-01-29 18:56:31.414'),
(154,NULL,NULL,NULL,NULL,NULL,NULL,'2025-01-29 18:56:31.414','2025-01-29 18:56:31.414'),
(155,NULL,NULL,NULL,NULL,NULL,NULL,'2025-01-29 18:56:31.415','2025-01-29 18:56:31.415'),
(156,NULL,NULL,NULL,NULL,NULL,NULL,'2025-01-29 18:56:31.415','2025-01-29 18:56:31.415'),
(157,'SR. Leandro','leandro@verdaodistribuidora.com.br - clinerio@hotmail.com','8135230730','8192264622',NULL,NULL,'2025-01-29 18:56:31.701','2025-01-29 18:56:31.701'),
(158,'FÁBIO (Sócio)','mercadinhosevero@hotmail.com','8835541021',NULL,NULL,NULL,'2025-01-29 18:56:31.701','2025-01-29 18:56:31.701'),
(159,'Sr. Kaio Reis',NULL,NULL,NULL,NULL,NULL,'2025-01-29 18:56:31.701','2025-01-29 18:56:31.701'),
(160,'SR. BETO SENA',NULL,NULL,NULL,NULL,NULL,'2025-01-29 18:56:31.702','2025-01-29 18:56:31.702'),
(161,NULL,NULL,NULL,NULL,NULL,NULL,'2025-01-29 18:56:31.702','2025-01-29 18:56:31.702'),
(162,NULL,NULL,NULL,NULL,NULL,NULL,'2025-01-29 18:56:31.707','2025-01-29 18:56:31.707'),
(163,NULL,NULL,NULL,NULL,NULL,NULL,'2025-01-29 18:56:31.707','2025-01-29 18:56:31.707'),
(164,NULL,NULL,NULL,NULL,NULL,NULL,'2025-01-29 18:56:31.707','2025-01-29 18:56:31.707'),
(165,NULL,NULL,NULL,NULL,NULL,NULL,'2025-01-29 18:56:31.707','2025-01-29 18:56:31.707'),
(166,NULL,NULL,NULL,NULL,NULL,NULL,'2025-01-29 18:56:31.708','2025-01-29 18:56:31.708'),
(167,NULL,NULL,NULL,NULL,NULL,NULL,'2025-01-29 18:56:31.712','2025-01-29 18:56:31.712'),
(168,NULL,NULL,NULL,NULL,NULL,NULL,'2025-01-29 18:56:31.713','2025-01-29 18:56:31.713'),
(169,NULL,NULL,NULL,NULL,NULL,NULL,'2025-01-29 18:56:31.713','2025-01-29 18:56:31.713'),
(170,NULL,NULL,NULL,NULL,NULL,NULL,'2025-01-29 18:56:31.713','2025-01-29 18:56:31.713'),
(171,NULL,NULL,NULL,NULL,NULL,NULL,'2025-01-29 18:56:31.714','2025-01-29 18:56:31.714'),
(172,NULL,NULL,NULL,NULL,NULL,NULL,'2025-01-29 18:56:31.718','2025-01-29 18:56:31.718'),
(173,NULL,NULL,NULL,NULL,NULL,NULL,'2025-01-29 18:56:31.719','2025-01-29 18:56:31.719'),
(174,NULL,NULL,NULL,NULL,NULL,NULL,'2025-01-29 18:56:31.719','2025-01-29 18:56:31.719'),
(175,NULL,NULL,NULL,NULL,NULL,NULL,'2025-01-29 18:56:31.719','2025-01-29 18:56:31.719'),
(176,NULL,NULL,NULL,NULL,NULL,NULL,'2025-01-29 18:56:31.719','2025-01-29 18:56:31.719');
/*!40000 ALTER TABLE `sector` ENABLE KEYS */;
UNLOCK TABLES;

--
-- Table structure for table `supplier_pf`
--

DROP TABLE IF EXISTS `supplier_pf`;
/*!40101 SET @saved_cs_client     = @@character_set_client */;
/*!40101 SET character_set_client = utf8 */;
CREATE TABLE `supplier_pf` (
  `id` int(11) NOT NULL AUTO_INCREMENT,
  `supplier_name` varchar(255) NOT NULL,
  `supplier_code` varchar(255) NOT NULL,
  `email` varchar(150) NOT NULL,
  `phone` varchar(20) NOT NULL,
  `rg` varchar(15) NOT NULL,
  `cpf` varchar(11) NOT NULL,
  `birth_date` datetime(3) DEFAULT NULL,
  `status` tinyint(1) NOT NULL DEFAULT 1,
  `created_at` datetime(3) NOT NULL DEFAULT current_timestamp(3),
  `update_at` datetime(3) NOT NULL DEFAULT current_timestamp(3),
  PRIMARY KEY (`id`),
  UNIQUE KEY `supplier_pf_cpf_key` (`cpf`)
) ENGINE=InnoDB DEFAULT CHARSET=utf8mb4 COLLATE=utf8mb4_unicode_ci;
/*!40101 SET character_set_client = @saved_cs_client */;

--
-- Dumping data for table `supplier_pf`
--

LOCK TABLES `supplier_pf` WRITE;
/*!40000 ALTER TABLE `supplier_pf` DISABLE KEYS */;
/*!40000 ALTER TABLE `supplier_pf` ENABLE KEYS */;
UNLOCK TABLES;

--
-- Table structure for table `supplier_pf_address`
--

DROP TABLE IF EXISTS `supplier_pf_address`;
/*!40101 SET @saved_cs_client     = @@character_set_client */;
/*!40101 SET character_set_client = utf8 */;
CREATE TABLE `supplier_pf_address` (
  `id_supplier_pf` int(11) NOT NULL,
  `id_address` int(11) NOT NULL,
  `created_at` datetime(3) NOT NULL DEFAULT current_timestamp(3),
  `update_at` datetime(3) NOT NULL DEFAULT current_timestamp(3),
  PRIMARY KEY (`id_address`,`id_supplier_pf`),
  KEY `supplier_pf_address_id_supplier_pf_fkey` (`id_supplier_pf`),
  CONSTRAINT `supplier_pf_address_id_address_fkey` FOREIGN KEY (`id_address`) REFERENCES `address` (`id`) ON DELETE CASCADE ON UPDATE CASCADE,
  CONSTRAINT `supplier_pf_address_id_supplier_pf_fkey` FOREIGN KEY (`id_supplier_pf`) REFERENCES `supplier_pf` (`id`) ON DELETE CASCADE ON UPDATE CASCADE
) ENGINE=InnoDB DEFAULT CHARSET=utf8mb4 COLLATE=utf8mb4_unicode_ci;
/*!40101 SET character_set_client = @saved_cs_client */;

--
-- Dumping data for table `supplier_pf_address`
--

LOCK TABLES `supplier_pf_address` WRITE;
/*!40000 ALTER TABLE `supplier_pf_address` DISABLE KEYS */;
/*!40000 ALTER TABLE `supplier_pf_address` ENABLE KEYS */;
UNLOCK TABLES;

--
-- Table structure for table `supplier_pf_image`
--

DROP TABLE IF EXISTS `supplier_pf_image`;
/*!40101 SET @saved_cs_client     = @@character_set_client */;
/*!40101 SET character_set_client = utf8 */;
CREATE TABLE `supplier_pf_image` (
  `id_supplier_pf` int(11) NOT NULL,
  `id_image` int(11) NOT NULL,
  `created_at` datetime(3) NOT NULL DEFAULT current_timestamp(3),
  `update_at` datetime(3) NOT NULL DEFAULT current_timestamp(3),
  PRIMARY KEY (`id_image`,`id_supplier_pf`),
  KEY `supplier_pf_image_id_supplier_pf_fkey` (`id_supplier_pf`),
  CONSTRAINT `supplier_pf_image_id_image_fkey` FOREIGN KEY (`id_image`) REFERENCES `imagem` (`id`) ON DELETE CASCADE ON UPDATE CASCADE,
  CONSTRAINT `supplier_pf_image_id_supplier_pf_fkey` FOREIGN KEY (`id_supplier_pf`) REFERENCES `supplier_pf` (`id`) ON DELETE CASCADE ON UPDATE CASCADE
) ENGINE=InnoDB DEFAULT CHARSET=utf8mb4 COLLATE=utf8mb4_unicode_ci;
/*!40101 SET character_set_client = @saved_cs_client */;

--
-- Dumping data for table `supplier_pf_image`
--

LOCK TABLES `supplier_pf_image` WRITE;
/*!40000 ALTER TABLE `supplier_pf_image` DISABLE KEYS */;
/*!40000 ALTER TABLE `supplier_pf_image` ENABLE KEYS */;
UNLOCK TABLES;

--
-- Table structure for table `supplier_pj`
--

DROP TABLE IF EXISTS `supplier_pj`;
/*!40101 SET @saved_cs_client     = @@character_set_client */;
/*!40101 SET character_set_client = utf8 */;
CREATE TABLE `supplier_pj` (
  `id` int(11) NOT NULL AUTO_INCREMENT,
  `id_imagem` int(11) NOT NULL,
  `corporate_reason` varchar(191) NOT NULL,
  `email` varchar(191) DEFAULT NULL,
  `phone` varchar(191) DEFAULT NULL,
  `fantasy_name` varchar(191) DEFAULT NULL,
  `cnpj` varchar(14) NOT NULL,
  `answerable` varchar(191) DEFAULT NULL,
  `state_registration` varchar(191) DEFAULT NULL,
  `type_contribuition` varchar(191) DEFAULT NULL,
  `municipal_registration` varchar(191) DEFAULT NULL,
  `suframa_registration` varchar(191) DEFAULT NULL,
  `status` tinyint(1) NOT NULL DEFAULT 1,
  `created_at` datetime(3) NOT NULL DEFAULT current_timestamp(3),
  `update_at` datetime(3) NOT NULL DEFAULT current_timestamp(3),
  PRIMARY KEY (`id`),
  UNIQUE KEY `supplier_pj_cnpj_key` (`cnpj`),
  KEY `supplier_pj_id_imagem_fkey` (`id_imagem`),
  CONSTRAINT `supplier_pj_id_imagem_fkey` FOREIGN KEY (`id_imagem`) REFERENCES `imagem` (`id`) ON DELETE CASCADE ON UPDATE CASCADE
) ENGINE=InnoDB DEFAULT CHARSET=utf8mb4 COLLATE=utf8mb4_unicode_ci;
/*!40101 SET character_set_client = @saved_cs_client */;

--
-- Dumping data for table `supplier_pj`
--

LOCK TABLES `supplier_pj` WRITE;
/*!40000 ALTER TABLE `supplier_pj` DISABLE KEYS */;
/*!40000 ALTER TABLE `supplier_pj` ENABLE KEYS */;
UNLOCK TABLES;

--
-- Table structure for table `supplier_pj_address`
--

DROP TABLE IF EXISTS `supplier_pj_address`;
/*!40101 SET @saved_cs_client     = @@character_set_client */;
/*!40101 SET character_set_client = utf8 */;
CREATE TABLE `supplier_pj_address` (
  `id_supplier` int(11) NOT NULL,
  `id_address` int(11) NOT NULL,
  PRIMARY KEY (`id_address`,`id_supplier`),
  KEY `supplier_pj_address_id_supplier_fkey` (`id_supplier`),
  CONSTRAINT `supplier_pj_address_id_address_fkey` FOREIGN KEY (`id_address`) REFERENCES `address` (`id`) ON DELETE CASCADE ON UPDATE CASCADE,
  CONSTRAINT `supplier_pj_address_id_supplier_fkey` FOREIGN KEY (`id_supplier`) REFERENCES `supplier_pj` (`id`) ON DELETE CASCADE ON UPDATE CASCADE
) ENGINE=InnoDB DEFAULT CHARSET=utf8mb4 COLLATE=utf8mb4_unicode_ci;
/*!40101 SET character_set_client = @saved_cs_client */;

--
-- Dumping data for table `supplier_pj_address`
--

LOCK TABLES `supplier_pj_address` WRITE;
/*!40000 ALTER TABLE `supplier_pj_address` DISABLE KEYS */;
/*!40000 ALTER TABLE `supplier_pj_address` ENABLE KEYS */;
UNLOCK TABLES;

--
-- Table structure for table `tempory_token`
--

DROP TABLE IF EXISTS `tempory_token`;
/*!40101 SET @saved_cs_client     = @@character_set_client */;
/*!40101 SET character_set_client = utf8 */;
CREATE TABLE `tempory_token` (
  `id` int(11) NOT NULL AUTO_INCREMENT,
  `adm_id` int(11) NOT NULL,
  `token` varchar(191) NOT NULL,
  `code` varchar(191) NOT NULL,
  `created_at` datetime(3) NOT NULL DEFAULT current_timestamp(3),
  `update_at` datetime(3) NOT NULL DEFAULT current_timestamp(3),
  PRIMARY KEY (`id`),
  KEY `tempory_token_adm_id_fkey` (`adm_id`),
  CONSTRAINT `tempory_token_adm_id_fkey` FOREIGN KEY (`adm_id`) REFERENCES `adm` (`id`) ON DELETE CASCADE ON UPDATE CASCADE
) ENGINE=InnoDB DEFAULT CHARSET=utf8mb4 COLLATE=utf8mb4_unicode_ci;
/*!40101 SET character_set_client = @saved_cs_client */;

--
-- Dumping data for table `tempory_token`
--

LOCK TABLES `tempory_token` WRITE;
/*!40000 ALTER TABLE `tempory_token` DISABLE KEYS */;
/*!40000 ALTER TABLE `tempory_token` ENABLE KEYS */;
UNLOCK TABLES;
/*!40103 SET TIME_ZONE=@OLD_TIME_ZONE */;

/*!40101 SET SQL_MODE=@OLD_SQL_MODE */;
/*!40014 SET FOREIGN_KEY_CHECKS=@OLD_FOREIGN_KEY_CHECKS */;
/*!40014 SET UNIQUE_CHECKS=@OLD_UNIQUE_CHECKS */;
/*!40101 SET CHARACTER_SET_CLIENT=@OLD_CHARACTER_SET_CLIENT */;
/*!40101 SET CHARACTER_SET_RESULTS=@OLD_CHARACTER_SET_RESULTS */;
/*!40101 SET COLLATION_CONNECTION=@OLD_COLLATION_CONNECTION */;
/*M!100616 SET NOTE_VERBOSITY=@OLD_NOTE_VERBOSITY */;

-- Dump completed on 2025-01-29 16:13:34
